-- phpMyAdmin SQL Dump
-- version 4.6.6deb5
-- https://www.phpmyadmin.net/
--
-- Host: localhost:3306
-- Generation Time: Oct 05, 2018 at 03:39 PM
-- Server version: 10.1.34-MariaDB-0ubuntu0.18.04.1
-- PHP Version: 7.2.10-0ubuntu0.18.04.1

SET SQL_MODE = "NO_AUTO_VALUE_ON_ZERO";
SET time_zone = "+00:00";


/*!40101 SET @OLD_CHARACTER_SET_CLIENT=@@CHARACTER_SET_CLIENT */;
/*!40101 SET @OLD_CHARACTER_SET_RESULTS=@@CHARACTER_SET_RESULTS */;
/*!40101 SET @OLD_COLLATION_CONNECTION=@@COLLATION_CONNECTION */;
/*!40101 SET NAMES utf8mb4 */;

--
-- Database: `siakad`
--

DELIMITER $$
--
-- Functions
--
CREATE DEFINER=`usrsiakad`@`%` FUNCTION `gethari` () RETURNS INT(11) NO SQL
BEGIN
DECLARE id_hari INT;
select
case
when date_format(now(),'%w') = 0 THEN 7
when date_format(now(),'%w') = 1 THEN 1
when date_format(now(),'%w') = 2 THEN 2
when date_format(now(),'%w') = 3 THEN 3
when date_format(now(),'%w') = 4 THEN 4
when date_format(now(),'%w') = 5 THEN 5
when date_format(now(),'%w') = 6 THEN 6
end as hari
INTO id_hari;

RETURN id_hari;
END$$

CREATE DEFINER=`root`@`localhost` FUNCTION `getmax_nilai` (`kd_kontrak_kuliah` VARCHAR(255)) RETURNS INT(11) NO SQL
BEGIN
DECLARE id_shift INT;

SELECT MAX(jml_nim) as max_nim 
INTO id_shift
FROM v_jumlah_nim where kd_kontrak_kuliah=kd_kontrak_kuliah;

RETURN id_shift;
END$$

CREATE DEFINER=`usrsiakad`@`%` FUNCTION `getshift` () RETURNS INT(11) NO SQL
BEGIN
DECLARE id_shift INT;

SELECT id_shift_perkuliahan 
INTO id_shift
FROM t_shift_perkuliahan where ((time(now()) >= waktu_mulai) and (time(now()) <= waktu_selesai));

RETURN id_shift;
END$$

DELIMITER ;

-- --------------------------------------------------------

--
-- Table structure for table `ci_sessions`
--

CREATE TABLE `ci_sessions` (
  `id` varchar(40) NOT NULL,
  `ip_address` varchar(45) NOT NULL,
  `timestamp` int(10) UNSIGNED NOT NULL DEFAULT '0',
  `data` blob NOT NULL
) ENGINE=InnoDB DEFAULT CHARSET=utf8;

--
-- Dumping data for table `ci_sessions`
--

INSERT INTO `ci_sessions` (`id`, `ip_address`, `timestamp`, `data`) VALUES
('026apn7oje7b8h6ipvhr78sg5kmti6jp', '127.0.0.1', 1537285328, 0x5f5f63695f6c6173745f726567656e65726174657c693a313533373238353332383b),
('02nohdus4bclo873amlj0sju7nbeuak5', '::1', 1537165122, 0x5f5f63695f6c6173745f726567656e65726174657c693a313533373136353132323b73656375726974797c4f3a383a22737464436c617373223a333a7b733a31303a2269645f63657373696f6e223b733a33323a226334636134323338613062393233383230646363353039613666373538343962223b733a363a22737461747573223b733a313a2231223b733a323a226c76223b733a313a2237223b7d),
('0ch7c9p0n6c3hlprsfljr44h4nkkkbjg', '::1', 1536673924, 0x5f5f63695f6c6173745f726567656e65726174657c693a313533363637333932343b73656375726974797c4f3a383a22737464436c617373223a333a7b733a31303a2269645f63657373696f6e223b733a33323a226334636134323338613062393233383230646363353039613666373538343962223b733a363a22737461747573223b733a313a2231223b733a323a226c76223b733a313a2230223b7d),
('0ke4i8mnb2gq3k2d44kt0j89cq0vqd0l', '::1', 1536895002, 0x5f5f63695f6c6173745f726567656e65726174657c693a313533363839353030323b73656375726974797c4f3a383a22737464436c617373223a333a7b733a31303a2269645f63657373696f6e223b733a33323a226334636134323338613062393233383230646363353039613666373538343962223b733a363a22737461747573223b733a313a2231223b733a323a226c76223b733a313a2230223b7d),
('0m2mftmo28o7kc2042m32hbupk33qng7', '::1', 1536717577, 0x5f5f63695f6c6173745f726567656e65726174657c693a313533363731373537373b73656375726974797c4f3a383a22737464436c617373223a333a7b733a31303a2269645f63657373696f6e223b733a33323a226334636134323338613062393233383230646363353039613666373538343962223b733a363a22737461747573223b733a313a2231223b733a323a226c76223b733a313a2230223b7d),
('0o03se483fo6ctejqmm5laumek3p9733', '::1', 1536894463, 0x5f5f63695f6c6173745f726567656e65726174657c693a313533363839343436333b73656375726974797c4f3a383a22737464436c617373223a333a7b733a31303a2269645f63657373696f6e223b733a33323a226334636134323338613062393233383230646363353039613666373538343962223b733a363a22737461747573223b733a313a2231223b733a323a226c76223b733a313a2230223b7d),
('0uopgeiulh5ik6t8q03fs5oed9gnf4ke', '::1', 1536934135, 0x5f5f63695f6c6173745f726567656e65726174657c693a313533363933343133353b73656375726974797c4f3a383a22737464436c617373223a333a7b733a31303a2269645f63657373696f6e223b733a33323a226334636134323338613062393233383230646363353039613666373538343962223b733a363a22737461747573223b733a313a2231223b733a323a226c76223b733a313a2230223b7d),
('12i4b0sg69am66p68fvo011gspc4f81j', '::1', 1536675919, 0x5f5f63695f6c6173745f726567656e65726174657c693a313533363637353931393b73656375726974797c4f3a383a22737464436c617373223a333a7b733a31303a2269645f63657373696f6e223b733a33323a226334636134323338613062393233383230646363353039613666373538343962223b733a363a22737461747573223b733a313a2231223b733a323a226c76223b733a313a2230223b7d),
('149khp846dou6fmjf11e9c0d17u7aeie', '::1', 1536676233, 0x5f5f63695f6c6173745f726567656e65726174657c693a313533363637363233333b73656375726974797c4f3a383a22737464436c617373223a333a7b733a31303a2269645f63657373696f6e223b733a33323a226334636134323338613062393233383230646363353039613666373538343962223b733a363a22737461747573223b733a313a2231223b733a323a226c76223b733a313a2230223b7d),
('1610uispn9dbj2tdn5rr957st9q7se2r', '::1', 1537281044, 0x5f5f63695f6c6173745f726567656e65726174657c693a313533373238313034343b73656375726974797c4f3a383a22737464436c617373223a333a7b733a31303a2269645f63657373696f6e223b733a33323a223361303239663034643736643332653739333637633462333235356464613464223b733a363a22737461747573223b733a313a2231223b733a323a226c76223b733a313a2230223b7d),
('1f03sccll2ko60u1pgfbe1e9mfhnfsqi', '::1', 1537419697, 0x5f5f63695f6c6173745f726567656e65726174657c693a313533373431393639373b73656375726974797c4f3a383a22737464436c617373223a333a7b733a31303a2269645f63657373696f6e223b733a33323a226334636134323338613062393233383230646363353039613666373538343962223b733a363a22737461747573223b733a313a2231223b733a323a226c76223b733a313a2237223b7d),
('1ou6d82n83ls7pegrjor3qgraoqahdfh', '::1', 1538289517, 0x5f5f63695f6c6173745f726567656e65726174657c693a313533383238393438333b73656375726974797c4f3a383a22737464436c617373223a333a7b733a31303a2269645f63657373696f6e223b733a33323a226334636134323338613062393233383230646363353039613666373538343962223b733a363a22737461747573223b733a313a2231223b733a323a226c76223b733a313a2230223b7d),
('1p8rhge8fju9oe8dai91m1m5t24ersl7', '::1', 1536675195, 0x5f5f63695f6c6173745f726567656e65726174657c693a313533363637353139353b73656375726974797c4f3a383a22737464436c617373223a333a7b733a31303a2269645f63657373696f6e223b733a33323a226334636134323338613062393233383230646363353039613666373538343962223b733a363a22737461747573223b733a313a2231223b733a323a226c76223b733a313a2230223b7d),
('1r1858jhtipfafuml0ladhvaurnsfnnr', '::1', 1537434717, 0x5f5f63695f6c6173745f726567656e65726174657c693a313533373433343731373b73656375726974797c4f3a383a22737464436c617373223a333a7b733a31303a2269645f63657373696f6e223b733a33323a226334636134323338613062393233383230646363353039613666373538343962223b733a363a22737461747573223b733a313a2231223b733a323a226c76223b733a313a2237223b7d),
('1so80m1no6nqvalq3lciqtmno0nmgpad', '::1', 1538016404, 0x5f5f63695f6c6173745f726567656e65726174657c693a313533383031363430343b73656375726974797c4f3a383a22737464436c617373223a333a7b733a31303a2269645f63657373696f6e223b733a33323a226334636134323338613062393233383230646363353039613666373538343962223b733a363a22737461747573223b733a313a2231223b733a323a226c76223b733a313a2230223b7d),
('1vmm6i2bm89mtdqu9havl2esdfqga02n', '::1', 1536998364, 0x5f5f63695f6c6173745f726567656e65726174657c693a313533363939383336343b73656375726974797c4f3a383a22737464436c617373223a333a7b733a31303a2269645f63657373696f6e223b733a33323a226334636134323338613062393233383230646363353039613666373538343962223b733a363a22737461747573223b733a313a2231223b733a323a226c76223b733a313a2230223b7d),
('1voahbgmana8uge1gs3kugp7p8har95f', '::1', 1537879357, 0x5f5f63695f6c6173745f726567656e65726174657c693a313533373837393335373b73656375726974797c4f3a383a22737464436c617373223a333a7b733a31303a2269645f63657373696f6e223b733a33323a226334636134323338613062393233383230646363353039613666373538343962223b733a363a22737461747573223b733a313a2231223b733a323a226c76223b733a313a2237223b7d),
('25d4dkdas2l19adc2b4gmj38icnjgfg4', '127.0.0.1', 1537293528, 0x5f5f63695f6c6173745f726567656e65726174657c693a313533373239333532383b),
('2bu407kfd09tdr726q7jd6kcv68u2eg7', '::1', 1536946346, 0x5f5f63695f6c6173745f726567656e65726174657c693a313533363934363334363b73656375726974797c4f3a383a22737464436c617373223a333a7b733a31303a2269645f63657373696f6e223b733a33323a226334636134323338613062393233383230646363353039613666373538343962223b733a363a22737461747573223b733a313a2231223b733a323a226c76223b733a313a2230223b7d),
('2f0bsoumkhk7374h31gp17fh04hp05t3', '::1', 1536721316, 0x5f5f63695f6c6173745f726567656e65726174657c693a313533363732313331363b73656375726974797c4f3a383a22737464436c617373223a333a7b733a31303a2269645f63657373696f6e223b733a33323a226334636134323338613062393233383230646363353039613666373538343962223b733a363a22737461747573223b733a313a2231223b733a323a226c76223b733a313a2230223b7d),
('2g3bnarv1t2fvq43tv2o06lpsq0qhmgp', '::1', 1536939516, 0x5f5f63695f6c6173745f726567656e65726174657c693a313533363933393531363b73656375726974797c4f3a383a22737464436c617373223a333a7b733a31303a2269645f63657373696f6e223b733a33323a226334636134323338613062393233383230646363353039613666373538343962223b733a363a22737461747573223b733a313a2231223b733a323a226c76223b733a313a2230223b7d),
('2i49u8k2j5dmtpfgn5n9s6qifip910hu', '::1', 1537872025, 0x5f5f63695f6c6173745f726567656e65726174657c693a313533373837323032353b73656375726974797c4f3a383a22737464436c617373223a333a7b733a31303a2269645f63657373696f6e223b733a33323a223361303239663034643736643332653739333637633462333235356464613464223b733a363a22737461747573223b733a313a2231223b733a323a226c76223b733a313a2230223b7d),
('2nbl123rhqbi6tv2lp4uue42rfld34hc', '::1', 1536932974, 0x5f5f63695f6c6173745f726567656e65726174657c693a313533363933323937343b73656375726974797c4f3a383a22737464436c617373223a333a7b733a31303a2269645f63657373696f6e223b733a33323a226334636134323338613062393233383230646363353039613666373538343962223b733a363a22737461747573223b733a313a2231223b733a323a226c76223b733a313a2230223b7d),
('2qburb8qtmdpcn3e15oj116int7ujofd', '127.0.0.1', 1537293658, 0x5f5f63695f6c6173745f726567656e65726174657c693a313533373239333635383b),
('2qd417tg27knmbgoonbsi3abge29mga4', '::1', 1536934813, 0x5f5f63695f6c6173745f726567656e65726174657c693a313533363933343831333b73656375726974797c4f3a383a22737464436c617373223a333a7b733a31303a2269645f63657373696f6e223b733a33323a226334636134323338613062393233383230646363353039613666373538343962223b733a363a22737461747573223b733a313a2231223b733a323a226c76223b733a313a2230223b7d),
('2v2kpsmobb88kvbdsjuif72onmonslsu', '::1', 1536722347, 0x5f5f63695f6c6173745f726567656e65726174657c693a313533363732323334373b73656375726974797c4f3a383a22737464436c617373223a333a7b733a31303a2269645f63657373696f6e223b733a33323a226334636134323338613062393233383230646363353039613666373538343962223b733a363a22737461747573223b733a313a2231223b733a323a226c76223b733a313a2230223b7d),
('31rpbei1l1bjbeba4esba2h2fk4legvf', '::1', 1537162691, 0x5f5f63695f6c6173745f726567656e65726174657c693a313533373136323639313b73656375726974797c4f3a383a22737464436c617373223a333a7b733a31303a2269645f63657373696f6e223b733a33323a226334636134323338613062393233383230646363353039613666373538343962223b733a363a22737461747573223b733a313a2231223b733a323a226c76223b733a313a2237223b7d),
('39ufgpug6rjvbr6kiia5s0ae016gi3po', '::1', 1536940138, 0x5f5f63695f6c6173745f726567656e65726174657c693a313533363934303133383b73656375726974797c4f3a383a22737464436c617373223a333a7b733a31303a2269645f63657373696f6e223b733a33323a226334636134323338613062393233383230646363353039613666373538343962223b733a363a22737461747573223b733a313a2231223b733a323a226c76223b733a313a2230223b7d),
('3a30eqjd4tbbfev8sho6o01kfnksfdu3', '::1', 1537939726, 0x5f5f63695f6c6173745f726567656e65726174657c693a313533373933393732363b73656375726974797c4f3a383a22737464436c617373223a333a7b733a31303a2269645f63657373696f6e223b733a33323a226334636134323338613062393233383230646363353039613666373538343962223b733a363a22737461747573223b733a313a2231223b733a323a226c76223b733a313a2230223b7d),
('3bdvi2dkuooklie841g9qte8f3oafsd4', '::1', 1536848880, 0x5f5f63695f6c6173745f726567656e65726174657c693a313533363834383838303b73656375726974797c4f3a383a22737464436c617373223a333a7b733a31303a2269645f63657373696f6e223b733a33323a226334636134323338613062393233383230646363353039613666373538343962223b733a363a22737461747573223b733a313a2231223b733a323a226c76223b733a313a2230223b7d),
('3bvmo7ddbq78la058i5li8k9p8468v1s', '::1', 1536894048, 0x5f5f63695f6c6173745f726567656e65726174657c693a313533363839343034383b73656375726974797c4f3a383a22737464436c617373223a333a7b733a31303a2269645f63657373696f6e223b733a33323a226334636134323338613062393233383230646363353039613666373538343962223b733a363a22737461747573223b733a313a2231223b733a323a226c76223b733a313a2230223b7d),
('3dlmvpvejlgjabbhevtg479kal13t64s', '::1', 1537884184, 0x5f5f63695f6c6173745f726567656e65726174657c693a313533373838343138343b73656375726974797c4f3a383a22737464436c617373223a333a7b733a31303a2269645f63657373696f6e223b733a33323a226334636134323338613062393233383230646363353039613666373538343962223b733a363a22737461747573223b733a313a2231223b733a323a226c76223b733a313a2237223b7d),
('3ekg46cfui6naqlf9km5ffo4cj066tds', '127.0.0.1', 1537294102, 0x5f5f63695f6c6173745f726567656e65726174657c693a313533373239343130323b),
('3gcqbtqrp4gbt5dqj1dobpde78bnhs1e', '127.0.0.1', 1537294220, 0x5f5f63695f6c6173745f726567656e65726174657c693a313533373239343232303b),
('3qggn5613kv8nmkhjkc9qb3hv6st9kvj', '::1', 1536848576, 0x5f5f63695f6c6173745f726567656e65726174657c693a313533363834383537363b73656375726974797c4f3a383a22737464436c617373223a333a7b733a31303a2269645f63657373696f6e223b733a33323a226334636134323338613062393233383230646363353039613666373538343962223b733a363a22737461747573223b733a313a2231223b733a323a226c76223b733a313a2230223b7d),
('3toutkl02v0nsu9i1dgf049nhba6j3f2', '::1', 1537420748, 0x5f5f63695f6c6173745f726567656e65726174657c693a313533373432303734383b73656375726974797c4f3a383a22737464436c617373223a333a7b733a31303a2269645f63657373696f6e223b733a33323a226334636134323338613062393233383230646363353039613666373538343962223b733a363a22737461747573223b733a313a2231223b733a323a226c76223b733a313a2237223b7d),
('41hmudq90f5m5qrm1qfdufthc0c4t3cl', '::1', 1537845367, 0x5f5f63695f6c6173745f726567656e65726174657c693a313533373834353336373b),
('44sccv6i58mbgenae288vnknd6cscfci', '::1', 1538725167, 0x5f5f63695f6c6173745f726567656e65726174657c693a313533383732353136373b),
('473p25bvig72k4e6lhgd307imbilmmnu', '::1', 1536674879, 0x5f5f63695f6c6173745f726567656e65726174657c693a313533363637343837393b73656375726974797c4f3a383a22737464436c617373223a333a7b733a31303a2269645f63657373696f6e223b733a33323a226334636134323338613062393233383230646363353039613666373538343962223b733a363a22737461747573223b733a313a2231223b733a323a226c76223b733a313a2230223b7d),
('4apggi2s7bl35ktbmaeafh7ufbnpoted', '::1', 1536998364, 0x5f5f63695f6c6173745f726567656e65726174657c693a313533363939383336343b73656375726974797c4f3a383a22737464436c617373223a333a7b733a31303a2269645f63657373696f6e223b733a33323a226334636134323338613062393233383230646363353039613666373538343962223b733a363a22737461747573223b733a313a2231223b733a323a226c76223b733a313a2230223b7d),
('4be4ht9r80p4g0vqg098g87ukvcfo8bt', '::1', 1536940487, 0x5f5f63695f6c6173745f726567656e65726174657c693a313533363934303438373b73656375726974797c4f3a383a22737464436c617373223a333a7b733a31303a2269645f63657373696f6e223b733a33323a226334636134323338613062393233383230646363353039613666373538343962223b733a363a22737461747573223b733a313a2231223b733a323a226c76223b733a313a2230223b7d),
('4fne5mk8mv9i3lalqd8va7jjajesoi41', '::1', 1537295446, 0x5f5f63695f6c6173745f726567656e65726174657c693a313533373239353434363b73656375726974797c4f3a383a22737464436c617373223a333a7b733a31303a2269645f63657373696f6e223b733a33323a226334636134323338613062393233383230646363353039613666373538343962223b733a363a22737461747573223b733a313a2231223b733a323a226c76223b733a313a2237223b7d),
('4ll7apd9ou12n98s39vi87c4800cj509', '::1', 1537419290, 0x5f5f63695f6c6173745f726567656e65726174657c693a313533373431393239303b73656375726974797c4f3a383a22737464436c617373223a333a7b733a31303a2269645f63657373696f6e223b733a33323a226334636134323338613062393233383230646363353039613666373538343962223b733a363a22737461747573223b733a313a2231223b733a323a226c76223b733a313a2237223b7d),
('4mmqq5ub4q5t9vi67o6rqf7tjc8qaa7p', '::1', 1537280368, 0x5f5f63695f6c6173745f726567656e65726174657c693a313533373238303336383b73656375726974797c4f3a383a22737464436c617373223a333a7b733a31303a2269645f63657373696f6e223b733a33323a223361303239663034643736643332653739333637633462333235356464613464223b733a363a22737461747573223b733a313a2231223b733a323a226c76223b733a313a2230223b7d),
('4n5oejejril0s5qi3p3v8r9043rg26dg', '::1', 1537446144, 0x5f5f63695f6c6173745f726567656e65726174657c693a313533373434363133323b73656375726974797c4f3a383a22737464436c617373223a333a7b733a31303a2269645f63657373696f6e223b733a33323a226334636134323338613062393233383230646363353039613666373538343962223b733a363a22737461747573223b733a313a2231223b733a323a226c76223b733a313a2237223b7d),
('4v2m8ii6o5v37k884vtf0em9bn5t7eot', '::1', 1536936100, 0x5f5f63695f6c6173745f726567656e65726174657c693a313533363933363130303b73656375726974797c4f3a383a22737464436c617373223a333a7b733a31303a2269645f63657373696f6e223b733a33323a226334636134323338613062393233383230646363353039613666373538343962223b733a363a22737461747573223b733a313a2231223b733a323a226c76223b733a313a2230223b7d),
('52f8l5g16lekq51rvo4uleb0brs98g5i', '::1', 1537097824, 0x5f5f63695f6c6173745f726567656e65726174657c693a313533373039373738383b73656375726974797c4f3a383a22737464436c617373223a333a7b733a31303a2269645f63657373696f6e223b733a33323a226334636134323338613062393233383230646363353039613666373538343962223b733a363a22737461747573223b733a313a2231223b733a323a226c76223b733a313a2230223b7d),
('558o98nfcdcnio3q0gbrg2ia02lv2bif', '127.0.0.1', 1537293696, 0x5f5f63695f6c6173745f726567656e65726174657c693a313533373239333639363b),
('58cran98mt0f7leegtsv0mjq5c5fkceg', '::1', 1538016701, 0x5f5f63695f6c6173745f726567656e65726174657c693a313533383031363430343b73656375726974797c4f3a383a22737464436c617373223a333a7b733a31303a2269645f63657373696f6e223b733a33323a226334636134323338613062393233383230646363353039613666373538343962223b733a363a22737461747573223b733a313a2231223b733a323a226c76223b733a313a2230223b7d),
('5gee2rkl7ccshktievbthhhrk4a1u1fh', '::1', 1536853496, 0x5f5f63695f6c6173745f726567656e65726174657c693a313533363835333439363b73656375726974797c4f3a383a22737464436c617373223a333a7b733a31303a2269645f63657373696f6e223b733a33323a226334636134323338613062393233383230646363353039613666373538343962223b733a363a22737461747573223b733a313a2231223b733a323a226c76223b733a313a2230223b7d),
('5kb0pcueltbkghbumguaof6qq3qjumph', '::1', 1536732180, 0x5f5f63695f6c6173745f726567656e65726174657c693a313533363733323138303b73656375726974797c4f3a383a22737464436c617373223a333a7b733a31303a2269645f63657373696f6e223b733a33323a226334636134323338613062393233383230646363353039613666373538343962223b733a363a22737461747573223b733a313a2231223b733a323a226c76223b733a313a2230223b7d),
('650a7vvdfrlvo7370rqc00ma3bk20p1b', '::1', 1537283447, 0x5f5f63695f6c6173745f726567656e65726174657c693a313533373238333434373b73656375726974797c4f3a383a22737464436c617373223a333a7b733a31303a2269645f63657373696f6e223b733a33323a223361303239663034643736643332653739333637633462333235356464613464223b733a363a22737461747573223b733a313a2231223b733a323a226c76223b733a313a2230223b7d),
('672it8jaa03v40oc77ckao9bed0ipc2i', '::1', 1536945810, 0x5f5f63695f6c6173745f726567656e65726174657c693a313533363934353831303b73656375726974797c4f3a383a22737464436c617373223a333a7b733a31303a2269645f63657373696f6e223b733a33323a226334636134323338613062393233383230646363353039613666373538343962223b733a363a22737461747573223b733a313a2231223b733a323a226c76223b733a313a2230223b7d),
('6805r47bj7c9d22j0huvu49fah3tgoto', '::1', 1537845849, 0x5f5f63695f6c6173745f726567656e65726174657c693a313533373834353834393b),
('69l5ofa5uk45cme4er4knttahguma4na', '::1', 1536896117, 0x5f5f63695f6c6173745f726567656e65726174657c693a313533363839363131373b73656375726974797c4f3a383a22737464436c617373223a333a7b733a31303a2269645f63657373696f6e223b733a33323a226334636134323338613062393233383230646363353039613666373538343962223b733a363a22737461747573223b733a313a2231223b733a323a226c76223b733a313a2230223b7d),
('69sp20dtkuaua2irlj9h8cjinq6ctms5', '::1', 1536718707, 0x5f5f63695f6c6173745f726567656e65726174657c693a313533363731383730373b73656375726974797c4f3a383a22737464436c617373223a333a7b733a31303a2269645f63657373696f6e223b733a33323a226334636134323338613062393233383230646363353039613666373538343962223b733a363a22737461747573223b733a313a2231223b733a323a226c76223b733a313a2230223b7d),
('6hjqasnae3k7o1vf73pamnhj8026chmv', '::1', 1537871087, 0x5f5f63695f6c6173745f726567656e65726174657c693a313533373837313038373b73656375726974797c4f3a383a22737464436c617373223a333a7b733a31303a2269645f63657373696f6e223b733a33323a223361303239663034643736643332653739333637633462333235356464613464223b733a363a22737461747573223b733a313a2231223b733a323a226c76223b733a313a2230223b7d),
('6k47c7p0feg08khsrnk51asd8imo2tk1', '127.0.0.1', 1537285275, 0x5f5f63695f6c6173745f726567656e65726174657c693a313533373238353237353b),
('6ncglveha2fuve4ttq2s6o9m0kc6hocb', '::1', 1537425542, 0x5f5f63695f6c6173745f726567656e65726174657c693a313533373432353534323b73656375726974797c4f3a383a22737464436c617373223a333a7b733a31303a2269645f63657373696f6e223b733a33323a226334636134323338613062393233383230646363353039613666373538343962223b733a363a22737461747573223b733a313a2231223b733a323a226c76223b733a313a2237223b7d),
('7074fcjrkvfj875krjrr2qctpc685ja9', '::1', 1537163190, 0x5f5f63695f6c6173745f726567656e65726174657c693a313533373136333139303b73656375726974797c4f3a383a22737464436c617373223a333a7b733a31303a2269645f63657373696f6e223b733a33323a226334636134323338613062393233383230646363353039613666373538343962223b733a363a22737461747573223b733a313a2231223b733a323a226c76223b733a313a2237223b7d),
('76a14jl19g669da0mk9oep4h6cia6s7d', '::1', 1537169959, 0x5f5f63695f6c6173745f726567656e65726174657c693a313533373136393935393b73656375726974797c4f3a383a22737464436c617373223a333a7b733a31303a2269645f63657373696f6e223b733a33323a226334636134323338613062393233383230646363353039613666373538343962223b733a363a22737461747573223b733a313a2231223b733a323a226c76223b733a313a2237223b7d),
('798gbpo0lggqdddicmtovuvepjbib1pv', '::1', 1537158841, 0x5f5f63695f6c6173745f726567656e65726174657c693a313533373135383834313b73656375726974797c4f3a383a22737464436c617373223a333a7b733a31303a2269645f63657373696f6e223b733a33323a226334636134323338613062393233383230646363353039613666373538343962223b733a363a22737461747573223b733a313a2231223b733a323a226c76223b733a313a2237223b7d),
('7f12088rnaenk394e2ufpiguot5flcrq', '::1', 1536947897, 0x5f5f63695f6c6173745f726567656e65726174657c693a313533363934373839373b73656375726974797c4f3a383a22737464436c617373223a333a7b733a31303a2269645f63657373696f6e223b733a33323a226334636134323338613062393233383230646363353039613666373538343962223b733a363a22737461747573223b733a313a2231223b733a323a226c76223b733a313a2230223b7d),
('7q9ej6n8hsp9k44t7hhsm60fbni6jh6n', '::1', 1538014799, 0x5f5f63695f6c6173745f726567656e65726174657c693a313533383031343739393b73656375726974797c4f3a383a22737464436c617373223a333a7b733a31303a2269645f63657373696f6e223b733a33323a226334636134323338613062393233383230646363353039613666373538343962223b733a363a22737461747573223b733a313a2231223b733a323a226c76223b733a313a2230223b7d),
('7rqtbgk5u0dscu227ridu16d7a2rj15u', '::1', 1537434809, 0x5f5f63695f6c6173745f726567656e65726174657c693a313533373433343731373b73656375726974797c4f3a383a22737464436c617373223a333a7b733a31303a2269645f63657373696f6e223b733a33323a226334636134323338613062393233383230646363353039613666373538343962223b733a363a22737461747573223b733a313a2231223b733a323a226c76223b733a313a2237223b7d),
('7up3vb3rrh461b2f0hucrbkago3kb4ki', '::1', 1537421176, 0x5f5f63695f6c6173745f726567656e65726174657c693a313533373432313137363b73656375726974797c4f3a383a22737464436c617373223a333a7b733a31303a2269645f63657373696f6e223b733a33323a226334636134323338613062393233383230646363353039613666373538343962223b733a363a22737461747573223b733a313a2231223b733a323a226c76223b733a313a2237223b7d),
('7uqmk88qmbhs7nr2f34n2mdoroguid7l', '127.0.0.1', 1537284167, 0x5f5f63695f6c6173745f726567656e65726174657c693a313533373238343136373b),
('7v6aaonb4peuqobvmi4i4oc8kk8hd21p', '::1', 1537881610, 0x5f5f63695f6c6173745f726567656e65726174657c693a313533373838313631303b73656375726974797c4f3a383a22737464436c617373223a333a7b733a31303a2269645f63657373696f6e223b733a33323a223361303239663034643736643332653739333637633462333235356464613464223b733a363a22737461747573223b733a313a2231223b733a323a226c76223b733a313a2230223b7d),
('80d6amnelon2sv1toine5rdvclodn6il', '::1', 1536853831, 0x5f5f63695f6c6173745f726567656e65726174657c693a313533363835333833313b73656375726974797c4f3a383a22737464436c617373223a333a7b733a31303a2269645f63657373696f6e223b733a33323a226334636134323338613062393233383230646363353039613666373538343962223b733a363a22737461747573223b733a313a2231223b733a323a226c76223b733a313a2230223b7d),
('80fnsorb2af9o448va5fphigbo30n5nq', '::1', 1536936407, 0x5f5f63695f6c6173745f726567656e65726174657c693a313533363933363430373b73656375726974797c4f3a383a22737464436c617373223a333a7b733a31303a2269645f63657373696f6e223b733a33323a226334636134323338613062393233383230646363353039613666373538343962223b733a363a22737461747573223b733a313a2231223b733a323a226c76223b733a313a2230223b7d),
('8e47lv734a940ppgm0aud0t25olcvl82', '127.0.0.1', 1537293729, 0x5f5f63695f6c6173745f726567656e65726174657c693a313533373239333732393b),
('8i6o252e9dvoq1vk4u4tvrknk83clr5u', '::1', 1536889159, 0x5f5f63695f6c6173745f726567656e65726174657c693a313533363838393135393b73656375726974797c4f3a383a22737464436c617373223a333a7b733a31303a2269645f63657373696f6e223b733a33323a226334636134323338613062393233383230646363353039613666373538343962223b733a363a22737461747573223b733a313a2231223b733a323a226c76223b733a313a2230223b7d),
('8i7gt13c69ppm81tepo8tqbh55cc2rv9', '::1', 1537414102, 0x5f5f63695f6c6173745f726567656e65726174657c693a313533373431343130323b73656375726974797c4f3a383a22737464436c617373223a333a7b733a31303a2269645f63657373696f6e223b733a33323a226334636134323338613062393233383230646363353039613666373538343962223b733a363a22737461747573223b733a313a2231223b733a323a226c76223b733a313a2237223b7d),
('8p6lgvqclk12otaiqfl5gdfsgvt9ao8c', '::1', 1537097376, 0x5f5f63695f6c6173745f726567656e65726174657c693a313533373039373337363b73656375726974797c4f3a383a22737464436c617373223a333a7b733a31303a2269645f63657373696f6e223b733a33323a226334636134323338613062393233383230646363353039613666373538343962223b733a363a22737461747573223b733a313a2231223b733a323a226c76223b733a313a2230223b7d),
('8pkf90v67ivfh0989l7djmncatkthps6', '::1', 1537942521, 0x5f5f63695f6c6173745f726567656e65726174657c693a313533373934323532313b73656375726974797c4f3a383a22737464436c617373223a333a7b733a31303a2269645f63657373696f6e223b733a33323a226334636134323338613062393233383230646363353039613666373538343962223b733a363a22737461747573223b733a313a2231223b733a323a226c76223b733a313a2230223b7d),
('8u4f6nkqjqhmauj1o1obi7ob4ogc6ba5', '::1', 1536729738, 0x5f5f63695f6c6173745f726567656e65726174657c693a313533363732393733383b73656375726974797c4f3a383a22737464436c617373223a333a7b733a31303a2269645f63657373696f6e223b733a33323a226334636134323338613062393233383230646363353039613666373538343962223b733a363a22737461747573223b733a313a2231223b733a323a226c76223b733a313a2230223b7d),
('92kbeb9vb6ofp5ccoec8qu1sbnu62rag', '::1', 1537873342, 0x5f5f63695f6c6173745f726567656e65726174657c693a313533373837333334323b73656375726974797c4f3a383a22737464436c617373223a333a7b733a31303a2269645f63657373696f6e223b733a33323a226334636134323338613062393233383230646363353039613666373538343962223b733a363a22737461747573223b733a313a2231223b733a323a226c76223b733a313a2237223b7d),
('9fi5kqpoum8d6i47g5arqs0gjo33n55h', '::1', 1537421579, 0x5f5f63695f6c6173745f726567656e65726174657c693a313533373432313537393b73656375726974797c4f3a383a22737464436c617373223a333a7b733a31303a2269645f63657373696f6e223b733a33323a226334636134323338613062393233383230646363353039613666373538343962223b733a363a22737461747573223b733a313a2231223b733a323a226c76223b733a313a2237223b7d),
('9pf4edoogp623lsjo21o0kfgvi3h56g5', '::1', 1537957508, 0x5f5f63695f6c6173745f726567656e65726174657c693a313533373935373530383b73656375726974797c4f3a383a22737464436c617373223a333a7b733a31303a2269645f63657373696f6e223b733a33323a226334636134323338613062393233383230646363353039613666373538343962223b733a363a22737461747573223b733a313a2231223b733a323a226c76223b733a313a2230223b7d),
('a7um6jqgk94nu5k35jmu3lhi1l1c3rc2', '::1', 1537111826, 0x5f5f63695f6c6173745f726567656e65726174657c693a313533373131313832323b73656375726974797c4f3a383a22737464436c617373223a333a7b733a31303a2269645f63657373696f6e223b733a33323a226334636134323338613062393233383230646363353039613666373538343962223b733a363a22737461747573223b733a313a2231223b733a323a226c76223b733a313a2230223b7d),
('a8fu0kogu2q9rfpmlocpsgkfd7oedie9', '127.0.0.1', 1537294031, 0x5f5f63695f6c6173745f726567656e65726174657c693a313533373239343033313b),
('ahh4vmqi7cu7jfi1t2cjtbf29dbko35l', '::1', 1536677296, 0x5f5f63695f6c6173745f726567656e65726174657c693a313533363637373239363b73656375726974797c4f3a383a22737464436c617373223a333a7b733a31303a2269645f63657373696f6e223b733a33323a226334636134323338613062393233383230646363353039613666373538343962223b733a363a22737461747573223b733a313a2231223b733a323a226c76223b733a313a2230223b7d),
('ajag6bqvlh4is873pukh16p4jle6q8og', '::1', 1536933793, 0x5f5f63695f6c6173745f726567656e65726174657c693a313533363933333739333b73656375726974797c4f3a383a22737464436c617373223a333a7b733a31303a2269645f63657373696f6e223b733a33323a226334636134323338613062393233383230646363353039613666373538343962223b733a363a22737461747573223b733a313a2231223b733a323a226c76223b733a313a2230223b7d),
('ak7mdio45jjj0s1f12t3tc9s5n2t2ugi', '::1', 1537097788, 0x5f5f63695f6c6173745f726567656e65726174657c693a313533373039373738383b73656375726974797c4f3a383a22737464436c617373223a333a7b733a31303a2269645f63657373696f6e223b733a33323a226334636134323338613062393233383230646363353039613666373538343962223b733a363a22737461747573223b733a313a2231223b733a323a226c76223b733a313a2230223b7d),
('am5asg74j1ejndqpptng10la303snnqu', '::1', 1536847736, 0x5f5f63695f6c6173745f726567656e65726174657c693a313533363834373733363b73656375726974797c4f3a383a22737464436c617373223a333a7b733a31303a2269645f63657373696f6e223b733a33323a226334636134323338613062393233383230646363353039613666373538343962223b733a363a22737461747573223b733a313a2231223b733a323a226c76223b733a313a2230223b7d),
('aol8dfqof37bbfnvgdq9bd457frdu89t', '::1', 1537284649, 0x5f5f63695f6c6173745f726567656e65726174657c693a313533373238343634393b73656375726974797c4f3a383a22737464436c617373223a333a7b733a31303a2269645f63657373696f6e223b733a33323a223361303239663034643736643332653739333637633462333235356464613464223b733a363a22737461747573223b733a313a2231223b733a323a226c76223b733a313a2230223b7d),
('ap4ligrmlqfobap1aptjvolllbne9i9a', '::1', 1537340653, 0x5f5f63695f6c6173745f726567656e65726174657c693a313533373334303431313b73656375726974797c4f3a383a22737464436c617373223a333a7b733a31303a2269645f63657373696f6e223b733a33323a226334636134323338613062393233383230646363353039613666373538343962223b733a363a22737461747573223b733a313a2231223b733a323a226c76223b733a313a2237223b7d),
('auaimhogoi0st5c5qcicvje4ma7m7k9g', '::1', 1537273316, 0x5f5f63695f6c6173745f726567656e65726174657c693a313533373237333331363b73656375726974797c4f3a383a22737464436c617373223a333a7b733a31303a2269645f63657373696f6e223b733a33323a223361303239663034643736643332653739333637633462333235356464613464223b733a363a22737461747573223b733a313a2231223b733a323a226c76223b733a313a2230223b7d),
('avil55fk89fugjvhh73k4sdh6ug43sqb', '::1', 1538016086, 0x5f5f63695f6c6173745f726567656e65726174657c693a313533383031363038363b73656375726974797c4f3a383a22737464436c617373223a333a7b733a31303a2269645f63657373696f6e223b733a33323a226334636134323338613062393233383230646363353039613666373538343962223b733a363a22737461747573223b733a313a2231223b733a323a226c76223b733a313a2230223b7d),
('b4ekvg0m7ue9bkktmbil7athu9l0guer', '::1', 1537335651, 0x5f5f63695f6c6173745f726567656e65726174657c693a313533373333353635313b73656375726974797c4f3a383a22737464436c617373223a333a7b733a31303a2269645f63657373696f6e223b733a33323a226334636134323338613062393233383230646363353039613666373538343962223b733a363a22737461747573223b733a313a2231223b733a323a226c76223b733a313a2237223b7d),
('bdop6ok1f9j0jgkrp84mb65t6cj9i6uj', '::1', 1536732557, 0x5f5f63695f6c6173745f726567656e65726174657c693a313533363733323535373b73656375726974797c4f3a383a22737464436c617373223a333a7b733a31303a2269645f63657373696f6e223b733a33323a226334636134323338613062393233383230646363353039613666373538343962223b733a363a22737461747573223b733a313a2231223b733a323a226c76223b733a313a2230223b7d),
('be7fgo9fktp0u3u9ndopjkstiotqsclt', '127.0.0.1', 1537293198, 0x5f5f63695f6c6173745f726567656e65726174657c693a313533373239333139383b),
('bga73gcimag64176j939g4a82krrgdqg', '::1', 1537876731, 0x5f5f63695f6c6173745f726567656e65726174657c693a313533373837363733313b73656375726974797c4f3a383a22737464436c617373223a333a7b733a31303a2269645f63657373696f6e223b733a33323a226334636134323338613062393233383230646363353039613666373538343962223b733a363a22737461747573223b733a313a2231223b733a323a226c76223b733a313a2237223b7d),
('bhnl7c459srvf9gurg5n79685bkjtu9b', '::1', 1537420420, 0x5f5f63695f6c6173745f726567656e65726174657c693a313533373432303432303b73656375726974797c4f3a383a22737464436c617373223a333a7b733a31303a2269645f63657373696f6e223b733a33323a226334636134323338613062393233383230646363353039613666373538343962223b733a363a22737461747573223b733a313a2231223b733a323a226c76223b733a313a2237223b7d),
('bib127sqkhh3m43alv21nnu4004fhb6i', '::1', 1536726665, 0x5f5f63695f6c6173745f726567656e65726174657c693a313533363732363636353b73656375726974797c4f3a383a22737464436c617373223a333a7b733a31303a2269645f63657373696f6e223b733a33323a226334636134323338613062393233383230646363353039613666373538343962223b733a363a22737461747573223b733a313a2231223b733a323a226c76223b733a313a2230223b7d),
('big9j2onbps6cbikrkjr9ii92rei0bm5', '::1', 1537293961, 0x5f5f63695f6c6173745f726567656e65726174657c693a313533373239333936313b73656375726974797c4f3a383a22737464436c617373223a333a7b733a31303a2269645f63657373696f6e223b733a33323a223361303239663034643736643332653739333637633462333235356464613464223b733a363a22737461747573223b733a313a2231223b733a323a226c76223b733a313a2230223b7d),
('bioti9tjgt2gah77rgpjqtm2jbh3evso', '::1', 1536676536, 0x5f5f63695f6c6173745f726567656e65726174657c693a313533363637363533363b73656375726974797c4f3a383a22737464436c617373223a333a7b733a31303a2269645f63657373696f6e223b733a33323a226334636134323338613062393233383230646363353039613666373538343962223b733a363a22737461747573223b733a313a2231223b733a323a226c76223b733a313a2230223b7d),
('bm8bttrs3nsrlibefli8tvomej2aeagv', '::1', 1537291796, 0x5f5f63695f6c6173745f726567656e65726174657c693a313533373239313739363b73656375726974797c4f3a383a22737464436c617373223a333a7b733a31303a2269645f63657373696f6e223b733a33323a223361303239663034643736643332653739333637633462333235356464613464223b733a363a22737461747573223b733a313a2231223b733a323a226c76223b733a313a2230223b7d),
('bo119v9dlqblgiiph6v7bqiaramcm35a', '::1', 1537881918, 0x5f5f63695f6c6173745f726567656e65726174657c693a313533373838313931383b73656375726974797c4f3a383a22737464436c617373223a333a7b733a31303a2269645f63657373696f6e223b733a33323a223361303239663034643736643332653739333637633462333235356464613464223b733a363a22737461747573223b733a313a2231223b733a323a226c76223b733a313a2230223b7d),
('c4qanp5mmam3i85dhfrc9s8g24r0dijb', '::1', 1536946996, 0x5f5f63695f6c6173745f726567656e65726174657c693a313533363934363939363b73656375726974797c4f3a383a22737464436c617373223a333a7b733a31303a2269645f63657373696f6e223b733a33323a226334636134323338613062393233383230646363353039613666373538343962223b733a363a22737461747573223b733a313a2231223b733a323a226c76223b733a313a2230223b7d),
('c92di28gjmhknta2limp2ffnunrlacr2', '::1', 1537432680, 0x5f5f63695f6c6173745f726567656e65726174657c693a313533373433323638303b73656375726974797c4f3a383a22737464436c617373223a333a7b733a31303a2269645f63657373696f6e223b733a33323a226334636134323338613062393233383230646363353039613666373538343962223b733a363a22737461747573223b733a313a2231223b733a323a226c76223b733a313a2237223b7d),
('cjl1r0c0a9b2k22e10pcm0drdsk0pjrt', '127.0.0.1', 1537284097, 0x5f5f63695f6c6173745f726567656e65726174657c693a313533373238343039373b),
('cmjg3hhhr0h3obroo9ft77e4igunru70', '::1', 1537160219, 0x5f5f63695f6c6173745f726567656e65726174657c693a313533373136303231393b73656375726974797c4f3a383a22737464436c617373223a333a7b733a31303a2269645f63657373696f6e223b733a33323a226334636134323338613062393233383230646363353039613666373538343962223b733a363a22737461747573223b733a313a2231223b733a323a226c76223b733a313a2237223b7d),
('cpbmglbqlmo79hvumc2hfcqp8kjm12a1', '::1', 1537880473, 0x5f5f63695f6c6173745f726567656e65726174657c693a313533373838303437333b73656375726974797c4f3a383a22737464436c617373223a333a7b733a31303a2269645f63657373696f6e223b733a33323a223361303239663034643736643332653739333637633462333235356464613464223b733a363a22737461747573223b733a313a2231223b733a323a226c76223b733a313a2230223b7d),
('cpchpbq8olpa171ceipvd7h68vuu2i7l', '127.0.0.1', 1537295486, 0x5f5f63695f6c6173745f726567656e65726174657c693a313533373239353438353b),
('d19h9iot7ljrj4g5d8n7ms14jt7ojrlk', '127.0.0.1', 1537283752, 0x5f5f63695f6c6173745f726567656e65726174657c693a313533373238333735323b),
('da05egq681jvg55cgvv1b6atran8e10l', '127.0.0.1', 1537294019, 0x5f5f63695f6c6173745f726567656e65726174657c693a313533373239343031393b),
('dc2hqtctj3evo0jlod2iv0fkg3oqgvpm', '::1', 1536946695, 0x5f5f63695f6c6173745f726567656e65726174657c693a313533363934363639353b73656375726974797c4f3a383a22737464436c617373223a333a7b733a31303a2269645f63657373696f6e223b733a33323a226334636134323338613062393233383230646363353039613666373538343962223b733a363a22737461747573223b733a313a2231223b733a323a226c76223b733a313a2230223b7d),
('deguovvn9j96usbfdmbkd8fv5ns1c9hj', '::1', 1536933424, 0x5f5f63695f6c6173745f726567656e65726174657c693a313533363933333432343b73656375726974797c4f3a383a22737464436c617373223a333a7b733a31303a2269645f63657373696f6e223b733a33323a226334636134323338613062393233383230646363353039613666373538343962223b733a363a22737461747573223b733a313a2231223b733a323a226c76223b733a313a2230223b7d),
('dh6subreus0ic4mfnbr2bgv092bo319g', '::1', 1536733362, 0x5f5f63695f6c6173745f726567656e65726174657c693a313533363733333336323b73656375726974797c4f3a383a22737464436c617373223a333a7b733a31303a2269645f63657373696f6e223b733a33323a226334636134323338613062393233383230646363353039613666373538343962223b733a363a22737461747573223b733a313a2231223b733a323a226c76223b733a313a2230223b7d),
('ds2hdnlvugcrigfoh567p9vrik9q157c', '::1', 1537878866, 0x5f5f63695f6c6173745f726567656e65726174657c693a313533373837383836363b73656375726974797c4f3a383a22737464436c617373223a333a7b733a31303a2269645f63657373696f6e223b733a33323a226334636134323338613062393233383230646363353039613666373538343962223b733a363a22737461747573223b733a313a2231223b733a323a226c76223b733a313a2237223b7d),
('dta02lucj7h384pqk04jfkj2monsuh9k', '::1', 1537417013, 0x5f5f63695f6c6173745f726567656e65726174657c693a313533373431373031333b73656375726974797c4f3a383a22737464436c617373223a333a7b733a31303a2269645f63657373696f6e223b733a33323a226334636134323338613062393233383230646363353039613666373538343962223b733a363a22737461747573223b733a313a2231223b733a323a226c76223b733a313a2237223b7d),
('du1vbccrkr1de1isbpp49gffa9d1b4kd', '127.0.0.1', 1537285080, 0x5f5f63695f6c6173745f726567656e65726174657c693a313533373238353038303b),
('e0smv2v8p96d68nqcuo5dpslp7gehl9b', '::1', 1537879731, 0x5f5f63695f6c6173745f726567656e65726174657c693a313533373837393733313b73656375726974797c4f3a383a22737464436c617373223a333a7b733a31303a2269645f63657373696f6e223b733a33323a226334636134323338613062393233383230646363353039613666373538343962223b733a363a22737461747573223b733a313a2231223b733a323a226c76223b733a313a2237223b7d),
('ea2ddbq3qk5uhurqretb1e8absk2d916', '::1', 1537170273, 0x5f5f63695f6c6173745f726567656e65726174657c693a313533373137303237333b73656375726974797c4f3a383a22737464436c617373223a333a7b733a31303a2269645f63657373696f6e223b733a33323a226334636134323338613062393233383230646363353039613666373538343962223b733a363a22737461747573223b733a313a2231223b733a323a226c76223b733a313a2237223b7d),
('eat29it2qhfs7u7mksjd977svvcq7q32', '::1', 1536948753, 0x5f5f63695f6c6173745f726567656e65726174657c693a313533363934383435333b73656375726974797c4f3a383a22737464436c617373223a333a7b733a31303a2269645f63657373696f6e223b733a33323a226334636134323338613062393233383230646363353039613666373538343962223b733a363a22737461747573223b733a313a2231223b733a323a226c76223b733a313a2230223b7d),
('ecn6r55u3f2sahp3ppu4i0aav5dupsnm', '::1', 1537414844, 0x5f5f63695f6c6173745f726567656e65726174657c693a313533373431343834343b73656375726974797c4f3a383a22737464436c617373223a333a7b733a31303a2269645f63657373696f6e223b733a33323a226334636134323338613062393233383230646363353039613666373538343962223b733a363a22737461747573223b733a313a2231223b733a323a226c76223b733a313a2237223b7d),
('eco9vfq5uj103g41jr4j438deodo4i47', '::1', 1536674576, 0x5f5f63695f6c6173745f726567656e65726174657c693a313533363637343537363b73656375726974797c4f3a383a22737464436c617373223a333a7b733a31303a2269645f63657373696f6e223b733a33323a226334636134323338613062393233383230646363353039613666373538343962223b733a363a22737461747573223b733a313a2231223b733a323a226c76223b733a313a2230223b7d),
('ehlatir71kvor51q4ba1t8hk9f6ttt27', '::1', 1537297057, 0x5f5f63695f6c6173745f726567656e65726174657c693a313533373239373035373b73656375726974797c4f3a383a22737464436c617373223a333a7b733a31303a2269645f63657373696f6e223b733a33323a226334636134323338613062393233383230646363353039613666373538343962223b733a363a22737461747573223b733a313a2231223b733a323a226c76223b733a313a2237223b7d),
('ek8pl6e6ul5v6ggsrhq6v2nl8p11349m', '::1', 1536673436, 0x5f5f63695f6c6173745f726567656e65726174657c693a313533363637333433363b73656375726974797c4f3a383a22737464436c617373223a333a7b733a31303a2269645f63657373696f6e223b733a33323a226334636134323338613062393233383230646363353039613666373538343962223b733a363a22737461747573223b733a313a2231223b733a323a226c76223b733a313a2230223b7d),
('eni0h9nc8l0fsfe5o3r1cvg9oi9pbd4s', '::1', 1537885987, 0x5f5f63695f6c6173745f726567656e65726174657c693a313533373838353938373b73656375726974797c4f3a383a22737464436c617373223a333a7b733a31303a2269645f63657373696f6e223b733a33323a226334636134323338613062393233383230646363353039613666373538343962223b733a363a22737461747573223b733a313a2231223b733a323a226c76223b733a313a2237223b7d),
('erp6crvdotals03utd02fiimoltr68ef', '::1', 1537159155, 0x5f5f63695f6c6173745f726567656e65726174657c693a313533373135393135353b73656375726974797c4f3a383a22737464436c617373223a333a7b733a31303a2269645f63657373696f6e223b733a33323a226334636134323338613062393233383230646363353039613666373538343962223b733a363a22737461747573223b733a313a2231223b733a323a226c76223b733a313a2237223b7d),
('eup2qmbgkrnhmnujortf5os10h87381h', '::1', 1537294605, 0x5f5f63695f6c6173745f726567656e65726174657c693a313533373239343630353b73656375726974797c4f3a383a22737464436c617373223a333a7b733a31303a2269645f63657373696f6e223b733a33323a223361303239663034643736643332653739333637633462333235356464613464223b733a363a22737461747573223b733a313a2231223b733a323a226c76223b733a313a2230223b7d),
('f0p2797q2654325sm9borqk2op318tkf', '::1', 1537161332, 0x5f5f63695f6c6173745f726567656e65726174657c693a313533373136313333323b73656375726974797c4f3a383a22737464436c617373223a333a7b733a31303a2269645f63657373696f6e223b733a33323a226334636134323338613062393233383230646363353039613666373538343962223b733a363a22737461747573223b733a313a2231223b733a323a226c76223b733a313a2237223b7d),
('f117mkiucj4lm5d38oq5qg1ou2pfdatf', '::1', 1537943842, 0x5f5f63695f6c6173745f726567656e65726174657c693a313533373934333834323b73656375726974797c4f3a383a22737464436c617373223a333a7b733a31303a2269645f63657373696f6e223b733a33323a226334636134323338613062393233383230646363353039613666373538343962223b733a363a22737461747573223b733a313a2231223b733a323a226c76223b733a313a2230223b7d),
('f137mlpm8a9kbcr90fkv7e2buic0rdmf', '::1', 1536889950, 0x5f5f63695f6c6173745f726567656e65726174657c693a313533363838393935303b73656375726974797c4f3a383a22737464436c617373223a333a7b733a31303a2269645f63657373696f6e223b733a33323a226334636134323338613062393233383230646363353039613666373538343962223b733a363a22737461747573223b733a313a2231223b733a323a226c76223b733a313a2230223b7d),
('f159h164fl18ve9t828vc0erkao1blrp', '::1', 1537842771, 0x5f5f63695f6c6173745f726567656e65726174657c693a313533373834323737313b676167616c7c733a32313a224d61616620416e64612042656c756d204c6f67696e223b5f5f63695f766172737c613a313a7b733a353a22676167616c223b733a333a226f6c64223b7d),
('f480kej5c9v1j66upfa6q9be13j8k1p3', '::1', 1537957203, 0x5f5f63695f6c6173745f726567656e65726174657c693a313533373935373230333b73656375726974797c4f3a383a22737464436c617373223a333a7b733a31303a2269645f63657373696f6e223b733a33323a226334636134323338613062393233383230646363353039613666373538343962223b733a363a22737461747573223b733a313a2231223b733a323a226c76223b733a313a2230223b7d),
('f4ld2e77hs0qp4816oqhfj8haamgm5f9', '::1', 1537283750, 0x5f5f63695f6c6173745f726567656e65726174657c693a313533373238333735303b73656375726974797c4f3a383a22737464436c617373223a333a7b733a31303a2269645f63657373696f6e223b733a33323a223361303239663034643736643332653739333637633462333235356464613464223b733a363a22737461747573223b733a313a2231223b733a323a226c76223b733a313a2230223b7d),
('favne74ef2f23fgs5ghv7uvolatg954g', '::1', 1536731832, 0x5f5f63695f6c6173745f726567656e65726174657c693a313533363733313833323b73656375726974797c4f3a383a22737464436c617373223a333a7b733a31303a2269645f63657373696f6e223b733a33323a226334636134323338613062393233383230646363353039613666373538343962223b733a363a22737461747573223b733a313a2231223b733a323a226c76223b733a313a2230223b7d),
('ffn12r1oi7vt3obkl9if3r1jbr3ikji5', '::1', 1536945144, 0x5f5f63695f6c6173745f726567656e65726174657c693a313533363934353134343b73656375726974797c4f3a383a22737464436c617373223a333a7b733a31303a2269645f63657373696f6e223b733a33323a226334636134323338613062393233383230646363353039613666373538343962223b733a363a22737461747573223b733a313a2231223b733a323a226c76223b733a313a2230223b7d),
('fu7t9qf410oaemfap36l2ghase0q6n6o', '::1', 1537161016, 0x5f5f63695f6c6173745f726567656e65726174657c693a313533373136313031363b73656375726974797c4f3a383a22737464436c617373223a333a7b733a31303a2269645f63657373696f6e223b733a33323a226334636134323338613062393233383230646363353039613666373538343962223b733a363a22737461747573223b733a313a2231223b733a323a226c76223b733a313a2237223b7d),
('fvj2l1jt2g72oafer4mat1ugd2js3k8n', '::1', 1537413213, 0x5f5f63695f6c6173745f726567656e65726174657c693a313533373431333231333b73656375726974797c4f3a383a22737464436c617373223a333a7b733a31303a2269645f63657373696f6e223b733a33323a226334636134323338613062393233383230646363353039613666373538343962223b733a363a22737461747573223b733a313a2231223b733a323a226c76223b733a313a2237223b7d),
('g0ufrj2ib73hdev2nqtgfh291pg46jta', '::1', 1537942101, 0x5f5f63695f6c6173745f726567656e65726174657c693a313533373934323130313b73656375726974797c4f3a383a22737464436c617373223a333a7b733a31303a2269645f63657373696f6e223b733a33323a226334636134323338613062393233383230646363353039613666373538343962223b733a363a22737461747573223b733a313a2231223b733a323a226c76223b733a313a2230223b7d),
('gd0kkh5jqcth2q4cunupn9ehbtin3nht', '::1', 1537411715, 0x5f5f63695f6c6173745f726567656e65726174657c693a313533373431313731353b73656375726974797c4f3a383a22737464436c617373223a333a7b733a31303a2269645f63657373696f6e223b733a33323a226334636134323338613062393233383230646363353039613666373538343962223b733a363a22737461747573223b733a313a2231223b733a323a226c76223b733a313a2237223b7d),
('gkd7nplo40b68mgkq14rqqka0ksg22b9', '::1', 1536944448, 0x5f5f63695f6c6173745f726567656e65726174657c693a313533363934343434383b73656375726974797c4f3a383a22737464436c617373223a333a7b733a31303a2269645f63657373696f6e223b733a33323a223361303239663034643736643332653739333637633462333235356464613464223b733a363a22737461747573223b733a313a2231223b733a323a226c76223b733a313a2230223b7d),
('gnqvfqlh053vkbtqark85efk5e9vu49m', '::1', 1536944835, 0x5f5f63695f6c6173745f726567656e65726174657c693a313533363934343833353b73656375726974797c4f3a383a22737464436c617373223a333a7b733a31303a2269645f63657373696f6e223b733a33323a226334636134323338613062393233383230646363353039613666373538343962223b733a363a22737461747573223b733a313a2231223b733a323a226c76223b733a313a2230223b7d),
('gprvbtvcu07609dbl2gb0cdspehuc24t', '::1', 1537335250, 0x5f5f63695f6c6173745f726567656e65726174657c693a313533373333353235303b676167616c7c733a32313a224d61616620416e64612042656c756d204c6f67696e223b5f5f63695f766172737c613a313a7b733a353a22676167616c223b733a333a226f6c64223b7d),
('gsojhvs4jarqqci2234e99h2non8j90h', '::1', 1537291469, 0x5f5f63695f6c6173745f726567656e65726174657c693a313533373239313436393b73656375726974797c4f3a383a22737464436c617373223a333a7b733a31303a2269645f63657373696f6e223b733a33323a223361303239663034643736643332653739333637633462333235356464613464223b733a363a22737461747573223b733a313a2231223b733a323a226c76223b733a313a2230223b7d),
('guvuoeoa9itsioc7f25f8h91q6fkittp', '::1', 1536677554, 0x5f5f63695f6c6173745f726567656e65726174657c693a313533363637373239363b73656375726974797c4f3a383a22737464436c617373223a333a7b733a31303a2269645f63657373696f6e223b733a33323a226334636134323338613062393233383230646363353039613666373538343962223b733a363a22737461747573223b733a313a2231223b733a323a226c76223b733a313a2230223b7d),
('hh2mko61fae606jsulfto8nqdotma57o', '::1', 1536721014, 0x5f5f63695f6c6173745f726567656e65726174657c693a313533363732313031343b73656375726974797c4f3a383a22737464436c617373223a333a7b733a31303a2269645f63657373696f6e223b733a33323a226334636134323338613062393233383230646363353039613666373538343962223b733a363a22737461747573223b733a313a2231223b733a323a226c76223b733a313a2230223b7d),
('hhj18pno2pp6alme1i7lpfscdnlp4q0q', '::1', 1537297094, 0x5f5f63695f6c6173745f726567656e65726174657c693a313533373239373035373b73656375726974797c4f3a383a22737464436c617373223a333a7b733a31303a2269645f63657373696f6e223b733a33323a226334636134323338613062393233383230646363353039613666373538343962223b733a363a22737461747573223b733a313a2231223b733a323a226c76223b733a313a2237223b7d),
('hihkq4hijsg8lcutphi9pgsqhpguv5bb', '::1', 1537415218, 0x5f5f63695f6c6173745f726567656e65726174657c693a313533373431353231383b73656375726974797c4f3a383a22737464436c617373223a333a7b733a31303a2269645f63657373696f6e223b733a33323a226334636134323338613062393233383230646363353039613666373538343962223b733a363a22737461747573223b733a313a2231223b733a323a226c76223b733a313a2237223b7d),
('hmshm558e356d1bj4nb495q1girdc4kl', '::1', 1536721646, 0x5f5f63695f6c6173745f726567656e65726174657c693a313533363732313634363b73656375726974797c4f3a383a22737464436c617373223a333a7b733a31303a2269645f63657373696f6e223b733a33323a226334636134323338613062393233383230646363353039613666373538343962223b733a363a22737461747573223b733a313a2231223b733a323a226c76223b733a313a2230223b7d),
('hnbrrqkp610ptjq6qv16n9olo7dpnsv0', '::1', 1537942853, 0x5f5f63695f6c6173745f726567656e65726174657c693a313533373934323835333b73656375726974797c4f3a383a22737464436c617373223a333a7b733a31303a2269645f63657373696f6e223b733a33323a226334636134323338613062393233383230646363353039613666373538343962223b733a363a22737461747573223b733a313a2231223b733a323a226c76223b733a313a2230223b7d);
INSERT INTO `ci_sessions` (`id`, `ip_address`, `timestamp`, `data`) VALUES
('husbhhn1urrlrd0su5kqjqbjcsh7dms1', '::1', 1536896695, 0x5f5f63695f6c6173745f726567656e65726174657c693a313533363839363639353b73656375726974797c4f3a383a22737464436c617373223a333a7b733a31303a2269645f63657373696f6e223b733a33323a226334636134323338613062393233383230646363353039613666373538343962223b733a363a22737461747573223b733a313a2231223b733a323a226c76223b733a313a2230223b7d),
('i2eth9e90pog8g94enfigh5kh5sobf9d', '::1', 1536932279, 0x5f5f63695f6c6173745f726567656e65726174657c693a313533363933323237393b73656375726974797c4f3a383a22737464436c617373223a333a7b733a31303a2269645f63657373696f6e223b733a33323a226334636134323338613062393233383230646363353039613666373538343962223b733a363a22737461747573223b733a313a2231223b733a323a226c76223b733a313a2230223b7d),
('i9lac3nvoo30m9g01adg2o55jcrju6g3', '::1', 1536853189, 0x5f5f63695f6c6173745f726567656e65726174657c693a313533363835333138393b73656375726974797c4f3a383a22737464436c617373223a333a7b733a31303a2269645f63657373696f6e223b733a33323a226334636134323338613062393233383230646363353039613666373538343962223b733a363a22737461747573223b733a313a2231223b733a323a226c76223b733a313a2230223b7d),
('ia6uai5fe529utm5p7i680ip16ge9m3c', '::1', 1536722035, 0x5f5f63695f6c6173745f726567656e65726174657c693a313533363732323033353b73656375726974797c4f3a383a22737464436c617373223a333a7b733a31303a2269645f63657373696f6e223b733a33323a226334636134323338613062393233383230646363353039613666373538343962223b733a363a22737461747573223b733a313a2231223b733a323a226c76223b733a313a2230223b7d),
('idgcuvi2marrr310mmnf02ritqguorq5', '::1', 1537877063, 0x5f5f63695f6c6173745f726567656e65726174657c693a313533373837373036333b73656375726974797c4f3a383a22737464436c617373223a333a7b733a31303a2269645f63657373696f6e223b733a33323a226334636134323338613062393233383230646363353039613666373538343962223b733a363a22737461747573223b733a313a2231223b733a323a226c76223b733a313a2237223b7d),
('ifsas5agpgh8mk64a159etj4n4i762qi', '::1', 1536893046, 0x5f5f63695f6c6173745f726567656e65726174657c693a313533363839333034363b73656375726974797c4f3a383a22737464436c617373223a333a7b733a31303a2269645f63657373696f6e223b733a33323a226334636134323338613062393233383230646363353039613666373538343962223b733a363a22737461747573223b733a313a2231223b733a323a226c76223b733a313a2230223b7d),
('ightkoieqc1b9pvfjqmt2k67bbod4cc0', '::1', 1537426139, 0x5f5f63695f6c6173745f726567656e65726174657c693a313533373432363133393b73656375726974797c4f3a383a22737464436c617373223a333a7b733a31303a2269645f63657373696f6e223b733a33323a226334636134323338613062393233383230646363353039613666373538343962223b733a363a22737461747573223b733a313a2231223b733a323a226c76223b733a313a2237223b7d),
('ik4tl8ebsdmpkijkoulcn025ks6j5bm9', '::1', 1537881112, 0x5f5f63695f6c6173745f726567656e65726174657c693a313533373838313131323b73656375726974797c4f3a383a22737464436c617373223a333a7b733a31303a2269645f63657373696f6e223b733a33323a223361303239663034643736643332653739333637633462333235356464613464223b733a363a22737461747573223b733a313a2231223b733a323a226c76223b733a313a2230223b7d),
('ikjm61sinvd6o2kq2qivdhiu7eals29h', '::1', 1536674230, 0x5f5f63695f6c6173745f726567656e65726174657c693a313533363637343233303b73656375726974797c4f3a383a22737464436c617373223a333a7b733a31303a2269645f63657373696f6e223b733a33323a226334636134323338613062393233383230646363353039613666373538343962223b733a363a22737461747573223b733a313a2231223b733a323a226c76223b733a313a2230223b7d),
('il8uvkkhdknpm42d9qqdbj3139v64a90', '::1', 1537943491, 0x5f5f63695f6c6173745f726567656e65726174657c693a313533373934333439313b73656375726974797c4f3a383a22737464436c617373223a333a7b733a31303a2269645f63657373696f6e223b733a33323a226334636134323338613062393233383230646363353039613666373538343962223b733a363a22737461747573223b733a313a2231223b733a323a226c76223b733a313a2230223b7d),
('j1hisd13aroqa642omr5j813safct25a', '::1', 1536895744, 0x5f5f63695f6c6173745f726567656e65726174657c693a313533363839353734343b73656375726974797c4f3a383a22737464436c617373223a333a7b733a31303a2269645f63657373696f6e223b733a33323a226334636134323338613062393233383230646363353039613666373538343962223b733a363a22737461747573223b733a313a2231223b733a323a226c76223b733a313a2230223b7d),
('j8fingt8dm42680l9542vifnn47dqj60', '::1', 1536731041, 0x5f5f63695f6c6173745f726567656e65726174657c693a313533363733313034313b73656375726974797c4f3a383a22737464436c617373223a333a7b733a31303a2269645f63657373696f6e223b733a33323a226334636134323338613062393233383230646363353039613666373538343962223b733a363a22737461747573223b733a313a2231223b733a323a226c76223b733a313a2230223b7d),
('jd0q0c3qd31v7gqb7jmmr9186no21usf', '::1', 1537412098, 0x5f5f63695f6c6173745f726567656e65726174657c693a313533373431323039383b73656375726974797c4f3a383a22737464436c617373223a333a7b733a31303a2269645f63657373696f6e223b733a33323a226334636134323338613062393233383230646363353039613666373538343962223b733a363a22737461747573223b733a313a2231223b733a323a226c76223b733a313a2237223b7d),
('jkc90qp385fs67el72jq91dfeebuqijb', '::1', 1537412569, 0x5f5f63695f6c6173745f726567656e65726174657c693a313533373431323536393b73656375726974797c4f3a383a22737464436c617373223a333a7b733a31303a2269645f63657373696f6e223b733a33323a226334636134323338613062393233383230646363353039613666373538343962223b733a363a22737461747573223b733a313a2231223b733a323a226c76223b733a313a2237223b7d),
('jkg0uncmlffevmdlifkardqpldij0rt7', '::1', 1537941796, 0x5f5f63695f6c6173745f726567656e65726174657c693a313533373934313739363b73656375726974797c4f3a383a22737464436c617373223a333a7b733a31303a2269645f63657373696f6e223b733a33323a226334636134323338613062393233383230646363353039613666373538343962223b733a363a22737461747573223b733a313a2231223b733a323a226c76223b733a313a2230223b7d),
('jmt45ocg1ipflnio5sg3grpq3kl3lmbk', '::1', 1537293655, 0x5f5f63695f6c6173745f726567656e65726174657c693a313533373239333635353b73656375726974797c4f3a383a22737464436c617373223a333a7b733a31303a2269645f63657373696f6e223b733a33323a223361303239663034643736643332653739333637633462333235356464613464223b733a363a22737461747573223b733a313a2231223b733a323a226c76223b733a313a2230223b7d),
('jt75pdr5hkrehilbajbhjm9jpsr786u7', '::1', 1537287564, 0x5f5f63695f6c6173745f726567656e65726174657c693a313533373238373536343b73656375726974797c4f3a383a22737464436c617373223a333a7b733a31303a2269645f63657373696f6e223b733a33323a223361303239663034643736643332653739333637633462333235356464613464223b733a363a22737461747573223b733a313a2231223b733a323a226c76223b733a313a2230223b7d),
('k14scembafjq95q2k5k37af6p47qsv1k', '::1', 1536893614, 0x5f5f63695f6c6173745f726567656e65726174657c693a313533363839333631343b73656375726974797c4f3a383a22737464436c617373223a333a7b733a31303a2269645f63657373696f6e223b733a33323a226334636134323338613062393233383230646363353039613666373538343962223b733a363a22737461747573223b733a313a2231223b733a323a226c76223b733a313a2230223b7d),
('kfv7cn1agflb4qv4ds5k9kokua7vsa9j', '::1', 1537425228, 0x5f5f63695f6c6173745f726567656e65726174657c693a313533373432353232383b73656375726974797c4f3a383a22737464436c617373223a333a7b733a31303a2269645f63657373696f6e223b733a33323a226334636134323338613062393233383230646363353039613666373538343962223b733a363a22737461747573223b733a313a2231223b733a323a226c76223b733a313a2237223b7d),
('ki312aums0mnqelu38qnkn1pd930gfcl', '::1', 1536940789, 0x5f5f63695f6c6173745f726567656e65726174657c693a313533363934303738393b73656375726974797c4f3a383a22737464436c617373223a333a7b733a31303a2269645f63657373696f6e223b733a33323a226334636134323338613062393233383230646363353039613666373538343962223b733a363a22737461747573223b733a313a2231223b733a323a226c76223b733a313a2230223b7d),
('kmnu992046n7g5meqnoet4v1bmkca29o', '127.0.0.1', 1537291848, 0x5f5f63695f6c6173745f726567656e65726174657c693a313533373239313834383b),
('kovkgujtgbje1n4o7thvrv67cqpasm2b', '::1', 1536718210, 0x5f5f63695f6c6173745f726567656e65726174657c693a313533363731383231303b73656375726974797c4f3a383a22737464436c617373223a333a7b733a31303a2269645f63657373696f6e223b733a33323a226334636134323338613062393233383230646363353039613666373538343962223b733a363a22737461747573223b733a313a2231223b733a323a226c76223b733a313a2230223b7d),
('ks3h961fubucok4bqe4vq2rmngma1f9j', '::1', 1536904994, 0x5f5f63695f6c6173745f726567656e65726174657c693a313533363930343939343b73656375726974797c4f3a383a22737464436c617373223a333a7b733a31303a2269645f63657373696f6e223b733a33323a226334636134323338613062393233383230646363353039613666373538343962223b733a363a22737461747573223b733a313a2231223b733a323a226c76223b733a313a2230223b7d),
('l21hdptj1tht97ephvmoibsqer931a4p', '::1', 1536947434, 0x5f5f63695f6c6173745f726567656e65726174657c693a313533363934373433343b73656375726974797c4f3a383a22737464436c617373223a333a7b733a31303a2269645f63657373696f6e223b733a33323a226334636134323338613062393233383230646363353039613666373538343962223b733a363a22737461747573223b733a313a2231223b733a323a226c76223b733a313a2230223b7d),
('l5t91jnfu5tcdsjff39cnf5qkb7a6ai1', '::1', 1537096804, 0x5f5f63695f6c6173745f726567656e65726174657c693a313533373039363830343b73656375726974797c4f3a383a22737464436c617373223a333a7b733a31303a2269645f63657373696f6e223b733a33323a226334636134323338613062393233383230646363353039613666373538343962223b733a363a22737461747573223b733a313a2231223b733a323a226c76223b733a313a2230223b7d),
('laqjei43ksuvg4cdk2maqpqin2u1p0fm', '::1', 1537880799, 0x5f5f63695f6c6173745f726567656e65726174657c693a313533373838303739393b73656375726974797c4f3a383a22737464436c617373223a333a7b733a31303a2269645f63657373696f6e223b733a33323a223361303239663034643736643332653739333637633462333235356464613464223b733a363a22737461747573223b733a313a2231223b733a323a226c76223b733a313a2230223b7d),
('lcv847kif6bnhda5q6jikt51vmjmdh0i', '::1', 1537340411, 0x5f5f63695f6c6173745f726567656e65726174657c693a313533373334303431313b73656375726974797c4f3a383a22737464436c617373223a333a7b733a31303a2269645f63657373696f6e223b733a33323a226334636134323338613062393233383230646363353039613666373538343962223b733a363a22737461747573223b733a313a2231223b733a323a226c76223b733a313a2237223b7d),
('lent9l0o8edbaenru98147bot6snmcgp', '::1', 1537870431, 0x5f5f63695f6c6173745f726567656e65726174657c693a313533373837303433303b676167616c7c733a32313a224d61616620416e64612042656c756d204c6f67696e223b5f5f63695f766172737c613a313a7b733a353a22676167616c223b733a333a226e6577223b7d),
('lfhr14r8ckc0b17e5tjsdadn1kjmfifc', '127.0.0.1', 1537281140, 0x5f5f63695f6c6173745f726567656e65726174657c693a313533373238313134303b),
('lh1c1dsqcbj3ucgbh8jugsutsu1ded3v', '::1', 1537162379, 0x5f5f63695f6c6173745f726567656e65726174657c693a313533373136323337393b73656375726974797c4f3a383a22737464436c617373223a333a7b733a31303a2269645f63657373696f6e223b733a33323a226334636134323338613062393233383230646363353039613666373538343962223b733a363a22737461747573223b733a313a2231223b733a323a226c76223b733a313a2237223b7d),
('lo7ebre0akc7q27dvp2p5hm583rboid3', '::1', 1537426500, 0x5f5f63695f6c6173745f726567656e65726174657c693a313533373432363530303b73656375726974797c4f3a383a22737464436c617373223a333a7b733a31303a2269645f63657373696f6e223b733a33323a226334636134323338613062393233383230646363353039613666373538343962223b733a363a22737461747573223b733a313a2231223b733a323a226c76223b733a313a2237223b7d),
('loq4aboi0ahgfhtv4dru08rogt39g1hv', '::1', 1536854371, 0x5f5f63695f6c6173745f726567656e65726174657c693a313533363835343134383b73656375726974797c4f3a383a22737464436c617373223a333a7b733a31303a2269645f63657373696f6e223b733a33323a226334636134323338613062393233383230646363353039613666373538343962223b733a363a22737461747573223b733a313a2231223b733a323a226c76223b733a313a2230223b7d),
('lvkavvi1h8bighg5dfroacb7ms6s1l86', '::1', 1537941311, 0x5f5f63695f6c6173745f726567656e65726174657c693a313533373934313331313b73656375726974797c4f3a383a22737464436c617373223a333a7b733a31303a2269645f63657373696f6e223b733a33323a226334636134323338613062393233383230646363353039613666373538343962223b733a363a22737461747573223b733a313a2231223b733a323a226c76223b733a313a2230223b7d),
('mb8pgf22bnqahhnvhjq7hter3pqhsqli', '::1', 1537157951, 0x5f5f63695f6c6173745f726567656e65726174657c693a313533373135373935313b73656375726974797c4f3a383a22737464436c617373223a333a7b733a31303a2269645f63657373696f6e223b733a33323a223361303239663034643736643332653739333637633462333235356464613464223b733a363a22737461747573223b733a313a2231223b733a323a226c76223b733a313a2230223b7d),
('md1tt7jti8kbb305936jkgr46qe8de1n', '::1', 1536720577, 0x5f5f63695f6c6173745f726567656e65726174657c693a313533363732303537373b73656375726974797c4f3a383a22737464436c617373223a333a7b733a31303a2269645f63657373696f6e223b733a33323a226334636134323338613062393233383230646363353039613666373538343962223b733a363a22737461747573223b733a313a2231223b733a323a226c76223b733a313a2230223b7d),
('md957sirrkn2helr38q3th54io380b2b', '::1', 1536935150, 0x5f5f63695f6c6173745f726567656e65726174657c693a313533363933353135303b73656375726974797c4f3a383a22737464436c617373223a333a7b733a31303a2269645f63657373696f6e223b733a33323a226334636134323338613062393233383230646363353039613666373538343962223b733a363a22737461747573223b733a313a2231223b733a323a226c76223b733a313a2230223b7d),
('mgka3ftdhs2o2fo532t6eilklr2tgl2q', '::1', 1536937778, 0x5f5f63695f6c6173745f726567656e65726174657c693a313533363933373737383b73656375726974797c4f3a383a22737464436c617373223a333a7b733a31303a2269645f63657373696f6e223b733a33323a226334636134323338613062393233383230646363353039613666373538343962223b733a363a22737461747573223b733a313a2231223b733a323a226c76223b733a313a2230223b7d),
('mrkf9gcae6d41erdel5mq7niaee2mbvi', '::1', 1537411409, 0x5f5f63695f6c6173745f726567656e65726174657c693a313533373431313430393b73656375726974797c4f3a383a22737464436c617373223a333a7b733a31303a2269645f63657373696f6e223b733a33323a226334636134323338613062393233383230646363353039613666373538343962223b733a363a22737461747573223b733a313a2231223b733a323a226c76223b733a313a2237223b7d),
('mvvh632igkqu39h3uacsd2g923rbipat', '127.0.0.1', 1537281098, 0x5f5f63695f6c6173745f726567656e65726174657c693a313533373238313039383b),
('n7id5agdo5n036tqfjcq1cd452pjvjsl', '127.0.0.1', 1537291685, 0x5f5f63695f6c6173745f726567656e65726174657c693a313533373239313638353b),
('n7mthietd93er9i2jmrg3db36ucpfmbo', '127.0.0.1', 1537294630, 0x5f5f63695f6c6173745f726567656e65726174657c693a313533373239343633303b),
('n81t8ae4ug21maqvun0p5r34qq1kad8c', '::1', 1538474585, 0x5f5f63695f6c6173745f726567656e65726174657c693a313533383437343538353b73656375726974797c4f3a383a22737464436c617373223a333a7b733a31303a2269645f63657373696f6e223b733a33323a226334636134323338613062393233383230646363353039613666373538343962223b733a363a22737461747573223b733a313a2231223b733a323a226c76223b733a313a2230223b7d),
('n88nll4mhcr22u2svq5ic0qnmage79j3', '::1', 1537884565, 0x5f5f63695f6c6173745f726567656e65726174657c693a313533373838343536353b73656375726974797c4f3a383a22737464436c617373223a333a7b733a31303a2269645f63657373696f6e223b733a33323a226334636134323338613062393233383230646363353039613666373538343962223b733a363a22737461747573223b733a313a2231223b733a323a226c76223b733a313a2237223b7d),
('ngeikh66ut0ldlnt16rhpch2valnimk0', '::1', 1536937036, 0x5f5f63695f6c6173745f726567656e65726174657c693a313533363933373033363b73656375726974797c4f3a383a22737464436c617373223a333a7b733a31303a2269645f63657373696f6e223b733a33323a226334636134323338613062393233383230646363353039613666373538343962223b733a363a22737461747573223b733a313a2231223b733a323a226c76223b733a313a2230223b7d),
('ngj46kiq7tiriuti4pbijma7sqrnlija', '::1', 1538474585, 0x5f5f63695f6c6173745f726567656e65726174657c693a313533383437343538353b73656375726974797c4f3a383a22737464436c617373223a333a7b733a31303a2269645f63657373696f6e223b733a33323a226334636134323338613062393233383230646363353039613666373538343962223b733a363a22737461747573223b733a313a2231223b733a323a226c76223b733a313a2230223b7d),
('niintskgndpq14hv6clbuj2o3q5b6fiu', '::1', 1536935783, 0x5f5f63695f6c6173745f726567656e65726174657c693a313533363933353738333b73656375726974797c4f3a383a22737464436c617373223a333a7b733a31303a2269645f63657373696f6e223b733a33323a226334636134323338613062393233383230646363353039613666373538343962223b733a363a22737461747573223b733a313a2231223b733a323a226c76223b733a313a2230223b7d),
('nit208i77rosks8aiaj1s88vetr7ipn7', '::1', 1537412881, 0x5f5f63695f6c6173745f726567656e65726174657c693a313533373431323838313b73656375726974797c4f3a383a22737464436c617373223a333a7b733a31303a2269645f63657373696f6e223b733a33323a226334636134323338613062393233383230646363353039613666373538343962223b733a363a22737461747573223b733a313a2231223b733a323a226c76223b733a313a2237223b7d),
('nlv3l14jfmims0pk66j6rkfhbh4dbm99', '::1', 1537414519, 0x5f5f63695f6c6173745f726567656e65726174657c693a313533373431343531393b73656375726974797c4f3a383a22737464436c617373223a333a7b733a31303a2269645f63657373696f6e223b733a33323a226334636134323338613062393233383230646363353039613666373538343962223b733a363a22737461747573223b733a313a2231223b733a323a226c76223b733a313a2237223b7d),
('nogoftstcohab9afa5k7pho1dov5a3gh', '::1', 1536730109, 0x5f5f63695f6c6173745f726567656e65726174657c693a313533363733303130393b73656375726974797c4f3a383a22737464436c617373223a333a7b733a31303a2269645f63657373696f6e223b733a33323a226334636134323338613062393233383230646363353039613666373538343962223b733a363a22737461747573223b733a313a2231223b733a323a226c76223b733a313a2230223b7d),
('nr16u1d5b0jvqrij7o6ajdqs8nvkoa18', '::1', 1536848099, 0x5f5f63695f6c6173745f726567656e65726174657c693a313533363834383039393b73656375726974797c4f3a383a22737464436c617373223a333a7b733a31303a2269645f63657373696f6e223b733a33323a226334636134323338613062393233383230646363353039613666373538343962223b733a363a22737461747573223b733a313a2231223b733a323a226c76223b733a313a2230223b7d),
('nsrhbkrd3he0dub9ie80udgbdhqdvit2', '::1', 1537885115, 0x5f5f63695f6c6173745f726567656e65726174657c693a313533373838353131353b73656375726974797c4f3a383a22737464436c617373223a333a7b733a31303a2269645f63657373696f6e223b733a33323a226334636134323338613062393233383230646363353039613666373538343962223b733a363a22737461747573223b733a313a2231223b733a323a226c76223b733a313a2237223b7d),
('o2g4ha2gkol8bqsl64al0ht9spvhd58r', '::1', 1537420040, 0x5f5f63695f6c6173745f726567656e65726174657c693a313533373432303034303b73656375726974797c4f3a383a22737464436c617373223a333a7b733a31303a2269645f63657373696f6e223b733a33323a226334636134323338613062393233383230646363353039613666373538343962223b733a363a22737461747573223b733a313a2231223b733a323a226c76223b733a313a2237223b7d),
('o8g8si29289susbigjsintml0s7evjl5', '::1', 1536726345, 0x5f5f63695f6c6173745f726567656e65726174657c693a313533363732363334353b73656375726974797c4f3a383a22737464436c617373223a333a7b733a31303a2269645f63657373696f6e223b733a33323a223361303239663034643736643332653739333637633462333235356464613464223b733a363a22737461747573223b733a313a2231223b733a323a226c76223b733a313a2230223b7d),
('oi5pdlokccu328vpi6ii86kfdpl27orr', '::1', 1536936711, 0x5f5f63695f6c6173745f726567656e65726174657c693a313533363933363731313b73656375726974797c4f3a383a22737464436c617373223a333a7b733a31303a2269645f63657373696f6e223b733a33323a226334636134323338613062393233383230646363353039613666373538343962223b733a363a22737461747573223b733a313a2231223b733a323a226c76223b733a313a2230223b7d),
('op4v0dld2g0j2k2s7oqrmq1hh2301sp5', '::1', 1537845849, 0x5f5f63695f6c6173745f726567656e65726174657c693a313533373834353834393b73656375726974797c4f3a383a22737464436c617373223a333a7b733a31303a2269645f63657373696f6e223b733a33323a223361303239663034643736643332653739333637633462333235356464613464223b733a363a22737461747573223b733a313a2231223b733a323a226c76223b733a313a2230223b7d),
('otp0s42v368ostje1qri241aqp93e022', '::1', 1537156939, 0x5f5f63695f6c6173745f726567656e65726174657c693a313533373135363933393b73656375726974797c4f3a383a22737464436c617373223a333a7b733a31303a2269645f63657373696f6e223b733a33323a223361303239663034643736643332653739333637633462333235356464613464223b733a363a22737461747573223b733a313a2231223b733a323a226c76223b733a313a2230223b7d),
('p1pms9923rsg6od0rr4nfflscj176djd', '::1', 1536717903, 0x5f5f63695f6c6173745f726567656e65726174657c693a313533363731373930333b73656375726974797c4f3a383a22737464436c617373223a333a7b733a31303a2269645f63657373696f6e223b733a33323a226334636134323338613062393233383230646363353039613666373538343962223b733a363a22737461747573223b733a313a2231223b733a323a226c76223b733a313a2230223b7d),
('p43ebspfjn97d836eq5kvsdn37ddf19g', '::1', 1536889626, 0x5f5f63695f6c6173745f726567656e65726174657c693a313533363838393632363b73656375726974797c4f3a383a22737464436c617373223a333a7b733a31303a2269645f63657373696f6e223b733a33323a226334636134323338613062393233383230646363353039613666373538343962223b733a363a22737461747573223b733a313a2231223b733a323a226c76223b733a313a2230223b7d),
('p80jcgbu4l0j8if7fe22rh4hlpkf18d3', '::1', 1536948453, 0x5f5f63695f6c6173745f726567656e65726174657c693a313533363934383435333b73656375726974797c4f3a383a22737464436c617373223a333a7b733a31303a2269645f63657373696f6e223b733a33323a226334636134323338613062393233383230646363353039613666373538343962223b733a363a22737461747573223b733a313a2231223b733a323a226c76223b733a313a2230223b7d),
('pg8glhkkpk7vjr7t89hoqv4udpul6c9s', '::1', 1536731396, 0x5f5f63695f6c6173745f726567656e65726174657c693a313533363733313339363b73656375726974797c4f3a383a22737464436c617373223a333a7b733a31303a2269645f63657373696f6e223b733a33323a226334636134323338613062393233383230646363353039613666373538343962223b733a363a22737461747573223b733a313a2231223b733a323a226c76223b733a313a2230223b7d),
('pkvgnr84uckmh4t6as3dtmfkao49suko', '::1', 1537293296, 0x5f5f63695f6c6173745f726567656e65726174657c693a313533373239333239363b73656375726974797c4f3a383a22737464436c617373223a333a7b733a31303a2269645f63657373696f6e223b733a33323a223361303239663034643736643332653739333637633462333235356464613464223b733a363a22737461747573223b733a313a2231223b733a323a226c76223b733a313a2230223b7d),
('pr7f7hqmbhi3d03pkq9i252g7gu9bfs1', '::1', 1537171146, 0x5f5f63695f6c6173745f726567656e65726174657c693a313533373137313134363b73656375726974797c4f3a383a22737464436c617373223a333a7b733a31303a2269645f63657373696f6e223b733a33323a226334636134323338613062393233383230646363353039613666373538343962223b733a363a22737461747573223b733a313a2231223b733a323a226c76223b733a313a2237223b7d),
('psqpod31kb52cccmmi7ibeauu5gloo85', '::1', 1536938127, 0x5f5f63695f6c6173745f726567656e65726174657c693a313533363933383132373b73656375726974797c4f3a383a22737464436c617373223a333a7b733a31303a2269645f63657373696f6e223b733a33323a226334636134323338613062393233383230646363353039613666373538343962223b733a363a22737461747573223b733a313a2231223b733a323a226c76223b733a313a2230223b7d),
('pvob9et7129m9ghb86o44dd5jctfro03', '::1', 1537944241, 0x5f5f63695f6c6173745f726567656e65726174657c693a313533373934343234313b73656375726974797c4f3a383a22737464436c617373223a333a7b733a31303a2269645f63657373696f6e223b733a33323a226334636134323338613062393233383230646363353039613666373538343962223b733a363a22737461747573223b733a313a2231223b733a323a226c76223b733a313a2230223b7d),
('q0ltpon1qodsmkac5e69gp7fbg92fk53', '::1', 1536931484, 0x5f5f63695f6c6173745f726567656e65726174657c693a313533363933313438343b),
('q7a6bo71eplejnnpvqduj5rq85o7k1u0', '::1', 1537944270, 0x5f5f63695f6c6173745f726567656e65726174657c693a313533373934343234313b73656375726974797c4f3a383a22737464436c617373223a333a7b733a31303a2269645f63657373696f6e223b733a33323a226334636134323338613062393233383230646363353039613666373538343962223b733a363a22737461747573223b733a313a2231223b733a323a226c76223b733a313a2230223b7d),
('q8881rpp4jpsmrbabtod6c696d9kpaoi', '::1', 1537292659, 0x5f5f63695f6c6173745f726567656e65726174657c693a313533373239323635393b73656375726974797c4f3a383a22737464436c617373223a333a7b733a31303a2269645f63657373696f6e223b733a33323a223361303239663034643736643332653739333637633462333235356464613464223b733a363a22737461747573223b733a313a2231223b733a323a226c76223b733a313a2230223b7d),
('qak11c2e1sio9ukuov742s5rulsnhc7l', '::1', 1536932586, 0x5f5f63695f6c6173745f726567656e65726174657c693a313533363933323538363b73656375726974797c4f3a383a22737464436c617373223a333a7b733a31303a2269645f63657373696f6e223b733a33323a226334636134323338613062393233383230646363353039613666373538343962223b733a363a22737461747573223b733a313a2231223b733a323a226c76223b733a313a2230223b7d),
('qh3k8rp66j1upefss6mg7kq1ghsa0sia', '::1', 1536730678, 0x5f5f63695f6c6173745f726567656e65726174657c693a313533363733303637383b73656375726974797c4f3a383a22737464436c617373223a333a7b733a31303a2269645f63657373696f6e223b733a33323a226334636134323338613062393233383230646363353039613666373538343962223b733a363a22737461747573223b733a313a2231223b733a323a226c76223b733a313a2230223b7d),
('qlfj0b70pd30nh564pr2p9t43qnnrhb4', '::1', 1537957590, 0x5f5f63695f6c6173745f726567656e65726174657c693a313533373935373530383b73656375726974797c4f3a383a22737464436c617373223a333a7b733a31303a2269645f63657373696f6e223b733a33323a226334636134323338613062393233383230646363353039613666373538343962223b733a363a22737461747573223b733a313a2231223b733a323a226c76223b733a313a2230223b7d),
('qndvrrrgee8nv7b61s1p9fv7dp2tfbmn', '::1', 1537872773, 0x5f5f63695f6c6173745f726567656e65726174657c693a313533373837323737333b73656375726974797c4f3a383a22737464436c617373223a333a7b733a31303a2269645f63657373696f6e223b733a33323a223361303239663034643736643332653739333637633462333235356464613464223b733a363a22737461747573223b733a313a2231223b733a323a226c76223b733a313a2230223b7d),
('qql691r0pkpitlsu79cipnnbkmd62no6', '::1', 1537292345, 0x5f5f63695f6c6173745f726567656e65726174657c693a313533373239323334353b73656375726974797c4f3a383a22737464436c617373223a333a7b733a31303a2269645f63657373696f6e223b733a33323a223361303239663034643736643332653739333637633462333235356464613464223b733a363a22737461747573223b733a313a2231223b733a323a226c76223b733a313a2230223b7d),
('qslnu35a06bqtgcjviaehbivcrhr8sbd', '::1', 1536935464, 0x5f5f63695f6c6173745f726567656e65726174657c693a313533363933353436343b73656375726974797c4f3a383a22737464436c617373223a333a7b733a31303a2269645f63657373696f6e223b733a33323a226334636134323338613062393233383230646363353039613666373538343962223b733a363a22737461747573223b733a313a2231223b733a323a226c76223b733a313a2230223b7d),
('qsvnprf30sd6n16oi6gitpmqciaod1u5', '::1', 1536905111, 0x5f5f63695f6c6173745f726567656e65726174657c693a313533363930343939343b73656375726974797c4f3a383a22737464436c617373223a333a7b733a31303a2269645f63657373696f6e223b733a33323a226334636134323338613062393233383230646363353039613666373538343962223b733a363a22737461747573223b733a313a2231223b733a323a226c76223b733a313a2230223b7d),
('r04rkvhkirbo65hu6jbiutei3h6hpb1k', '::1', 1536724277, 0x5f5f63695f6c6173745f726567656e65726174657c693a313533363732343237373b73656375726974797c4f3a383a22737464436c617373223a333a7b733a31303a2269645f63657373696f6e223b733a33323a226334636134323338613062393233383230646363353039613666373538343962223b733a363a22737461747573223b733a313a2231223b733a323a226c76223b733a313a2230223b7d),
('r4m0rrki35eajfnslsjn6rlrutke69fn', '::1', 1537159659, 0x5f5f63695f6c6173745f726567656e65726174657c693a313533373135393635393b73656375726974797c4f3a383a22737464436c617373223a333a7b733a31303a2269645f63657373696f6e223b733a33323a226334636134323338613062393233383230646363353039613666373538343962223b733a363a22737461747573223b733a313a2231223b733a323a226c76223b733a313a2237223b7d),
('raho0cuc6scf0e9mhum7n8rtjupeuqgb', '::1', 1537292969, 0x5f5f63695f6c6173745f726567656e65726174657c693a313533373239323936393b73656375726974797c4f3a383a22737464436c617373223a333a7b733a31303a2269645f63657373696f6e223b733a33323a223361303239663034643736643332653739333637633462333235356464613464223b733a363a22737461747573223b733a313a2231223b733a323a226c76223b733a313a2230223b7d),
('rdae2dsl0eeisr426k9lhhsq0jodahef', '::1', 1537285273, 0x5f5f63695f6c6173745f726567656e65726174657c693a313533373238353237333b73656375726974797c4f3a383a22737464436c617373223a333a7b733a31303a2269645f63657373696f6e223b733a33323a223361303239663034643736643332653739333637633462333235356464613464223b733a363a22737461747573223b733a313a2231223b733a323a226c76223b733a313a2230223b7d),
('rh1g3ks4nusb00ms6roqb9nb3utkvk28', '::1', 1537160713, 0x5f5f63695f6c6173745f726567656e65726174657c693a313533373136303731333b73656375726974797c4f3a383a22737464436c617373223a333a7b733a31303a2269645f63657373696f6e223b733a33323a226334636134323338613062393233383230646363353039613666373538343962223b733a363a22737461747573223b733a313a2231223b733a323a226c76223b733a313a2237223b7d),
('ri5cq099gmbd17l617aoiq6cq5g9snhl', '::1', 1537878138, 0x5f5f63695f6c6173745f726567656e65726174657c693a313533373837383133383b73656375726974797c4f3a383a22737464436c617373223a333a7b733a31303a2269645f63657373696f6e223b733a33323a226334636134323338613062393233383230646363353039613666373538343962223b733a363a22737461747573223b733a313a2231223b733a323a226c76223b733a313a2237223b7d),
('ribh5r85s8b3fdqsmtsoqe3h2crcdu5t', '127.0.0.1', 1537284024, 0x5f5f63695f6c6173745f726567656e65726174657c693a313533373238343032343b),
('rjkr3v6c73gelgbencn74h5elgfqb4bg', '::1', 1537282992, 0x5f5f63695f6c6173745f726567656e65726174657c693a313533373238323939323b73656375726974797c4f3a383a22737464436c617373223a333a7b733a31303a2269645f63657373696f6e223b733a33323a223361303239663034643736643332653739333637633462333235356464613464223b733a363a22737461747573223b733a313a2231223b733a323a226c76223b733a313a2230223b7d),
('rl3d2cjemsqlgn29toeirua5a069uou8', '::1', 1536939826, 0x5f5f63695f6c6173745f726567656e65726174657c693a313533363933393832363b73656375726974797c4f3a383a22737464436c617373223a333a7b733a31303a2269645f63657373696f6e223b733a33323a226334636134323338613062393233383230646363353039613666373538343962223b733a363a22737461747573223b733a313a2231223b733a323a226c76223b733a313a2230223b7d),
('rmecjhagpv384jqcteb59ce17ptv1j12', '::1', 1536732863, 0x5f5f63695f6c6173745f726567656e65726174657c693a313533363733323836333b73656375726974797c4f3a383a22737464436c617373223a333a7b733a31303a2269645f63657373696f6e223b733a33323a226334636134323338613062393233383230646363353039613666373538343962223b733a363a22737461747573223b733a313a2231223b733a323a226c76223b733a313a2230223b7d),
('rnlh3n53ocu3nbcl676pqb55vu5d14p8', '::1', 1537156493, 0x5f5f63695f6c6173745f726567656e65726174657c693a313533373135363439333b73656375726974797c4f3a383a22737464436c617373223a333a7b733a31303a2269645f63657373696f6e223b733a33323a223361303239663034643736643332653739333637633462333235356464613464223b733a363a22737461747573223b733a313a2231223b733a323a226c76223b733a313a2230223b7d),
('rpmghv92507a4q5sek5ht9jm4ib4vef7', '::1', 1536896732, 0x5f5f63695f6c6173745f726567656e65726174657c693a313533363839363639353b73656375726974797c4f3a383a22737464436c617373223a333a7b733a31303a2269645f63657373696f6e223b733a33323a226334636134323338613062393233383230646363353039613666373538343962223b733a363a22737461747573223b733a313a2231223b733a323a226c76223b733a313a2230223b7d),
('rsb19h5rvdpetgj0ef6v0tsvri50qd0k', '::1', 1537162074, 0x5f5f63695f6c6173745f726567656e65726174657c693a313533373136323037343b73656375726974797c4f3a383a22737464436c617373223a333a7b733a31303a2269645f63657373696f6e223b733a33323a226334636134323338613062393233383230646363353039613666373538343962223b733a363a22737461747573223b733a313a2231223b733a323a226c76223b733a313a2237223b7d),
('sd93hqbmmghu16g3dg193fna7am83iii', '127.0.0.1', 1537291801, 0x5f5f63695f6c6173745f726567656e65726174657c693a313533373239313830313b),
('sp6j8g3u3mjrofi5arkr8h24pib1dj1f', '::1', 1536676865, 0x5f5f63695f6c6173745f726567656e65726174657c693a313533363637363836353b73656375726974797c4f3a383a22737464436c617373223a333a7b733a31303a2269645f63657373696f6e223b733a33323a226334636134323338613062393233383230646363353039613666373538343962223b733a363a22737461747573223b733a313a2231223b733a323a226c76223b733a313a2230223b7d),
('t2v4pmqvdevpjtnu0nqo0rl0b3aa8cqi', '::1', 1536938741, 0x5f5f63695f6c6173745f726567656e65726174657c693a313533363933383734313b73656375726974797c4f3a383a22737464436c617373223a333a7b733a31303a2269645f63657373696f6e223b733a33323a226334636134323338613062393233383230646363353039613666373538343962223b733a363a22737461747573223b733a313a2231223b733a323a226c76223b733a313a2230223b7d),
('t5b6epupu12rjld60oq1aug9bs3jgcbm', '::1', 1537427858, 0x5f5f63695f6c6173745f726567656e65726174657c693a313533373432373835383b73656375726974797c4f3a383a22737464436c617373223a333a7b733a31303a2269645f63657373696f6e223b733a33323a226334636134323338613062393233383230646363353039613666373538343962223b733a363a22737461747573223b733a313a2231223b733a323a226c76223b733a313a2237223b7d),
('t8t6hqrghmjda5g5kmlcvph12so9ltlg', '::1', 1536734883, 0x5f5f63695f6c6173745f726567656e65726174657c693a313533363733343838333b73656375726974797c4f3a383a22737464436c617373223a333a7b733a31303a2269645f63657373696f6e223b733a33323a226334636134323338613062393233383230646363353039613666373538343962223b733a363a22737461747573223b733a313a2231223b733a323a226c76223b733a313a2230223b7d),
('tdbm7fese24mitfd8ghrej8tg5tkkrba', '::1', 1536942572, 0x5f5f63695f6c6173745f726567656e65726174657c693a313533363934323537323b73656375726974797c4f3a383a22737464436c617373223a333a7b733a31303a2269645f63657373696f6e223b733a33323a226334636134323338613062393233383230646363353039613666373538343962223b733a363a22737461747573223b733a313a2231223b733a323a226c76223b733a313a2230223b7d),
('tgfvkh7iv382a46853nlmuhfeon6fu9e', '::1', 1537284084, 0x5f5f63695f6c6173745f726567656e65726174657c693a313533373238343038343b73656375726974797c4f3a383a22737464436c617373223a333a7b733a31303a2269645f63657373696f6e223b733a33323a223361303239663034643736643332653739333637633462333235356464613464223b733a363a22737461747573223b733a313a2231223b733a323a226c76223b733a313a2230223b7d),
('tj819nvnher7keheh9v5aok451tretks', '127.0.0.1', 1537291601, 0x5f5f63695f6c6173745f726567656e65726174657c693a313533373239313630313b),
('tkggpslli5lesj97vc1uf7o5sgk7cu9i', '::1', 1537171146, 0x5f5f63695f6c6173745f726567656e65726174657c693a313533373137313134363b73656375726974797c4f3a383a22737464436c617373223a333a7b733a31303a2269645f63657373696f6e223b733a33323a226334636134323338613062393233383230646363353039613666373538343962223b733a363a22737461747573223b733a313a2231223b733a323a226c76223b733a313a2237223b7d),
('tss69pgncf1hc6bmpacof6ujfjv6rdpj', '::1', 1537886059, 0x5f5f63695f6c6173745f726567656e65726174657c693a313533373838353938373b73656375726974797c4f3a383a22737464436c617373223a333a7b733a31303a2269645f63657373696f6e223b733a33323a226334636134323338613062393233383230646363353039613666373538343962223b733a363a22737461747573223b733a313a2231223b733a323a226c76223b733a313a2237223b7d),
('u0k53inkj6lgs1d6174h72l4u2i5f378', '::1', 1536854148, 0x5f5f63695f6c6173745f726567656e65726174657c693a313533363835343134383b73656375726974797c4f3a383a22737464436c617373223a333a7b733a31303a2269645f63657373696f6e223b733a33323a226334636134323338613062393233383230646363353039613666373538343962223b733a363a22737461747573223b733a313a2231223b733a323a226c76223b733a313a2230223b7d),
('u0unm0o12r2fj74u96vjduh7ll9rmi5d', '::1', 1536939099, 0x5f5f63695f6c6173745f726567656e65726174657c693a313533363933393039393b73656375726974797c4f3a383a22737464436c617373223a333a7b733a31303a2269645f63657373696f6e223b733a33323a226334636134323338613062393233383230646363353039613666373538343962223b733a363a22737461747573223b733a313a2231223b733a323a226c76223b733a313a2230223b7d),
('ui7lju7v1p2hkarhifc68ungi739n5fg', '::1', 1536675575, 0x5f5f63695f6c6173745f726567656e65726174657c693a313533363637353537353b73656375726974797c4f3a383a22737464436c617373223a333a7b733a31303a2269645f63657373696f6e223b733a33323a226334636134323338613062393233383230646363353039613666373538343962223b733a363a22737461747573223b733a313a2231223b733a323a226c76223b733a313a2230223b7d),
('uim5ume6l1m89v6f96bqg7a0grgl8hk2', '::1', 1536734886, 0x5f5f63695f6c6173745f726567656e65726174657c693a313533363733343838333b73656375726974797c4f3a383a22737464436c617373223a333a7b733a31303a2269645f63657373696f6e223b733a33323a226334636134323338613062393233383230646363353039613666373538343962223b733a363a22737461747573223b733a313a2231223b733a323a226c76223b733a313a2230223b7d),
('urmfq4009v1mf9v9ienv1ar57m2jul0v', '127.0.0.1', 1537285115, 0x5f5f63695f6c6173745f726567656e65726174657c693a313533373238353131353b),
('utv8kspijq9akt6i7hcv3f3k8ed0f1cl', '::1', 1536734450, 0x5f5f63695f6c6173745f726567656e65726174657c693a313533363733343435303b73656375726974797c4f3a383a22737464436c617373223a333a7b733a31303a2269645f63657373696f6e223b733a33323a226334636134323338613062393233383230646363353039613666373538343962223b733a363a22737461747573223b733a313a2231223b733a323a226c76223b733a313a2230223b7d),
('v0ucs8hlcnn3mnvb6igf853u8ina6fog', '::1', 1537295145, 0x5f5f63695f6c6173745f726567656e65726174657c693a313533373239353134353b73656375726974797c4f3a383a22737464436c617373223a333a7b733a31303a2269645f63657373696f6e223b733a33323a226334636134323338613062393233383230646363353039613666373538343962223b733a363a22737461747573223b733a313a2231223b733a323a226c76223b733a313a2237223b7d),
('v8g3matiip2ah3l8ud13nih69no9tt9h', '::1', 1537411090, 0x5f5f63695f6c6173745f726567656e65726174657c693a313533373431313039303b73656375726974797c4f3a383a22737464436c617373223a333a7b733a31303a2269645f63657373696f6e223b733a33323a226334636134323338613062393233383230646363353039613666373538343962223b733a363a22737461747573223b733a313a2231223b733a323a226c76223b733a313a2237223b7d),
('verl819lieck4krfk245gc47btijmoah', '::1', 1536934496, 0x5f5f63695f6c6173745f726567656e65726174657c693a313533363933343439363b73656375726974797c4f3a383a22737464436c617373223a333a7b733a31303a2269645f63657373696f6e223b733a33323a226334636134323338613062393233383230646363353039613666373538343962223b733a363a22737461747573223b733a313a2231223b733a323a226c76223b733a313a2230223b7d),
('vfoihivkak5d6co45dkcp5s614f5jtip', '::1', 1537161654, 0x5f5f63695f6c6173745f726567656e65726174657c693a313533373136313635343b73656375726974797c4f3a383a22737464436c617373223a333a7b733a31303a2269645f63657373696f6e223b733a33323a226334636134323338613062393233383230646363353039613666373538343962223b733a363a22737461747573223b733a313a2231223b733a323a226c76223b733a313a2237223b7d),
('vforpdevipto0a1vit5qs3avucs0ugpd', '::1', 1537413658, 0x5f5f63695f6c6173745f726567656e65726174657c693a313533373431333635383b73656375726974797c4f3a383a22737464436c617373223a333a7b733a31303a2269645f63657373696f6e223b733a33323a226334636134323338613062393233383230646363353039613666373538343962223b733a363a22737461747573223b733a313a2231223b733a323a226c76223b733a313a2237223b7d),
('vgdl41rgkpl7o3201k73rbalh0g8m2up', '::1', 1537285679, 0x5f5f63695f6c6173745f726567656e65726174657c693a313533373238353637393b73656375726974797c4f3a383a22737464436c617373223a333a7b733a31303a2269645f63657373696f6e223b733a33323a223361303239663034643736643332653739333637633462333235356464613464223b733a363a22737461747573223b733a313a2231223b733a323a226c76223b733a313a2230223b7d),
('vku6pbp0sq8hvpq7m3ic46btuf0h6i2v', '::1', 1537284962, 0x5f5f63695f6c6173745f726567656e65726174657c693a313533373238343936323b73656375726974797c4f3a383a22737464436c617373223a333a7b733a31303a2269645f63657373696f6e223b733a33323a223361303239663034643736643332653739333637633462333235356464613464223b733a363a22737461747573223b733a313a2231223b733a323a226c76223b733a313a2230223b7d),
('vo59a6p0mok6cbvtp6q7v48vgethkpna', '::1', 1536945481, 0x5f5f63695f6c6173745f726567656e65726174657c693a313533363934353438313b73656375726974797c4f3a383a22737464436c617373223a333a7b733a31303a2269645f63657373696f6e223b733a33323a226334636134323338613062393233383230646363353039613666373538343962223b733a363a22737461747573223b733a313a2231223b733a323a226c76223b733a313a2230223b7d),
('vqcfevn32cmcj0a2k7sr4qon7blj1inv', '127.0.0.1', 1536673860, 0x5f5f63695f6c6173745f726567656e65726174657c693a313533363637333735393b73656375726974797c4f3a383a22737464436c617373223a333a7b733a31303a2269645f63657373696f6e223b733a33323a226334636134323338613062393233383230646363353039613666373538343962223b733a363a22737461747573223b733a313a2231223b733a323a226c76223b733a313a2230223b7d),
('vuevvrmvvt5fr1e8813rscl8gnak7e1e', '::1', 1536852876, 0x5f5f63695f6c6173745f726567656e65726174657c693a313533363835323837363b73656375726974797c4f3a383a22737464436c617373223a333a7b733a31303a2269645f63657373696f6e223b733a33323a226334636134323338613062393233383230646363353039613666373538343962223b733a363a22737461747573223b733a313a2231223b733a323a226c76223b733a313a2230223b7d);

-- --------------------------------------------------------

--
-- Table structure for table `m_agama`
--

CREATE TABLE `m_agama` (
  `id_agama` int(11) NOT NULL,
  `agama` varchar(45) NOT NULL
) ENGINE=InnoDB DEFAULT CHARSET=utf8;

--
-- Dumping data for table `m_agama`
--

INSERT INTO `m_agama` (`id_agama`, `agama`) VALUES
(0, 'NONE');

-- --------------------------------------------------------

--
-- Table structure for table `m_hari`
--

CREATE TABLE `m_hari` (
  `id_hari` int(11) NOT NULL,
  `hari` varchar(10) NOT NULL
) ENGINE=InnoDB DEFAULT CHARSET=utf8;

--
-- Dumping data for table `m_hari`
--

INSERT INTO `m_hari` (`id_hari`, `hari`) VALUES
(1, 'Senin'),
(2, 'Selasa'),
(3, 'Rabu'),
(4, 'Kamis'),
(5, 'Jumat'),
(6, 'Sabtu'),
(7, 'Minggu');

-- --------------------------------------------------------

--
-- Table structure for table `m_jabatan`
--

CREATE TABLE `m_jabatan` (
  `id_jabatan` int(11) NOT NULL,
  `jabatan` varchar(200) NOT NULL,
  `tipe_jabatan` enum('NONE','Struktural','Fungsional') NOT NULL,
  `id_ruangan_kerja` int(11) NOT NULL COMMENT 'm_ruangan_'
) ENGINE=InnoDB DEFAULT CHARSET=utf8;

--
-- Dumping data for table `m_jabatan`
--

INSERT INTO `m_jabatan` (`id_jabatan`, `jabatan`, `tipe_jabatan`, `id_ruangan_kerja`) VALUES
(0, 'NONE', 'NONE', 0),
(1, 'Direktur', 'Struktural', 0),
(2, 'Wadir Akademik', 'Struktural', 0),
(3, 'Wadir Keuangan', 'Struktural', 0);

-- --------------------------------------------------------

--
-- Table structure for table `m_jenjang_pendidikan`
--

CREATE TABLE `m_jenjang_pendidikan` (
  `id_jenjang_pendidikan` int(11) NOT NULL,
  `alias_pendidikan` varchar(20) NOT NULL,
  `level` int(11) NOT NULL DEFAULT '0',
  `jenjang_pendidikan` varchar(100) NOT NULL
) ENGINE=InnoDB DEFAULT CHARSET=utf8;

--
-- Dumping data for table `m_jenjang_pendidikan`
--

INSERT INTO `m_jenjang_pendidikan` (`id_jenjang_pendidikan`, `alias_pendidikan`, `level`, `jenjang_pendidikan`) VALUES
(0, 'PAUD', 0, 'Pendidikan Anak Usia Muda'),
(1, 'TK', 1, 'Taman Kanak-Kanak'),
(2, 'SD', 2, 'Sekolah Dasar'),
(3, 'SMP', 3, 'Sekolah Menengah Pertama'),
(4, 'SMA', 4, 'Sekolah Menengah Atas'),
(5, 'MI', 2, 'Madrasah Ibtidaiyah'),
(6, 'MTS', 3, 'Madrasah Tsanawiyah'),
(7, 'MA', 4, 'Madrasah Aliyah'),
(8, 'Paket A', 2, 'Sekolah Paket Setingkat SD'),
(9, 'Paket B', 3, 'Sekolah Paket Setingkat SMP'),
(10, 'Paket C', 4, 'Sekolah Paket Setingkat SMA'),
(11, 'Diploma I', 5, 'Kuliah 1 Tahun'),
(12, 'Diploma II', 6, 'Kuliah 2 Tahun'),
(13, 'DipLoma III', 7, 'Kuliah 3 Tahun'),
(14, 'Diploma IV', 8, 'Kuliah 4 Tahun'),
(15, 'S1', 8, 'Kuliah 4 Tahun'),
(16, 'S2', 9, 'Kuliah 2 Tahun'),
(17, 'S3', 10, 'Kuliah 3 Tahun');

-- --------------------------------------------------------

--
-- Table structure for table `m_kelas`
--

CREATE TABLE `m_kelas` (
  `id_kelas` int(11) NOT NULL,
  `kelas` varchar(4) NOT NULL
) ENGINE=InnoDB DEFAULT CHARSET=utf8;

--
-- Dumping data for table `m_kelas`
--

INSERT INTO `m_kelas` (`id_kelas`, `kelas`) VALUES
(1, 'A'),
(2, 'B'),
(3, 'C'),
(4, 'D');

-- --------------------------------------------------------

--
-- Table structure for table `m_pangkat_akademik`
--

CREATE TABLE `m_pangkat_akademik` (
  `id_pangkat_akademik` int(11) NOT NULL,
  `pangkat_akademik` varchar(100) NOT NULL
) ENGINE=InnoDB DEFAULT CHARSET=utf8;

-- --------------------------------------------------------

--
-- Table structure for table `m_pertemuan`
--

CREATE TABLE `m_pertemuan` (
  `id_pertemuan` int(11) NOT NULL,
  `pertemuan` varchar(45) NOT NULL,
  `ke` int(11) NOT NULL
) ENGINE=InnoDB DEFAULT CHARSET=utf8;

-- --------------------------------------------------------

--
-- Table structure for table `m_ruangan`
--

CREATE TABLE `m_ruangan` (
  `id_ruangan` int(11) NOT NULL,
  `nama_ruangan` varchar(250) NOT NULL,
  `gedung` varchar(200) NOT NULL,
  `lantai` int(11) NOT NULL DEFAULT '1',
  `kd_ruangan` varchar(45) NOT NULL
) ENGINE=InnoDB DEFAULT CHARSET=utf8;

--
-- Dumping data for table `m_ruangan`
--

INSERT INTO `m_ruangan` (`id_ruangan`, `nama_ruangan`, `gedung`, `lantai`, `kd_ruangan`) VALUES
(0, 'NONE', 'NULL', 0, 'NULL');

-- --------------------------------------------------------

--
-- Table structure for table `m_semester`
--

CREATE TABLE `m_semester` (
  `id_semester` int(11) NOT NULL,
  `semester` varchar(25) NOT NULL,
  `status` enum('Ganjil','Genap') NOT NULL
) ENGINE=InnoDB DEFAULT CHARSET=utf8;

--
-- Dumping data for table `m_semester`
--

INSERT INTO `m_semester` (`id_semester`, `semester`, `status`) VALUES
(0, 'NONE', 'Ganjil'),
(1, 'Semester 1', 'Ganjil'),
(2, 'Semester 2', 'Genap'),
(3, 'Semester 3', 'Ganjil'),
(4, 'Semester 4', 'Genap'),
(5, 'Semester 5', 'Ganjil'),
(6, 'Semester 6', 'Genap'),
(7, 'Semester 7', 'Ganjil'),
(8, 'Semester 8', 'Genap'),
(9, 'Semester 9', 'Ganjil'),
(10, 'Semester 10', 'Genap');

-- --------------------------------------------------------

--
-- Table structure for table `m_status_kekeluargaan`
--

CREATE TABLE `m_status_kekeluargaan` (
  `id_status_kekeluargaan` int(11) NOT NULL,
  `status_keluarga` varchar(100) NOT NULL
) ENGINE=InnoDB DEFAULT CHARSET=utf8;

--
-- Dumping data for table `m_status_kekeluargaan`
--

INSERT INTO `m_status_kekeluargaan` (`id_status_kekeluargaan`, `status_keluarga`) VALUES
(0, 'NONE'),
(1, 'Ayah'),
(2, 'Ibu'),
(3, 'Kakak Kandung'),
(4, 'Paman'),
(5, 'Bibi'),
(6, 'Wali');

-- --------------------------------------------------------

--
-- Table structure for table `t_absensi`
--

CREATE TABLE `t_absensi` (
  `nim` varchar(30) NOT NULL,
  `waktu_masuk` timestamp NOT NULL DEFAULT CURRENT_TIMESTAMP ON UPDATE CURRENT_TIMESTAMP COMMENT 'now()',
  `id_materi_perkuliahan` int(11) NOT NULL COMMENT 't_materi_perkuliahan_'
) ENGINE=InnoDB DEFAULT CHARSET=utf8;

-- --------------------------------------------------------

--
-- Table structure for table `t_absen_kelas`
--

CREATE TABLE `t_absen_kelas` (
  `nim` varchar(30) NOT NULL,
  `id_kelas_perkuliahan` int(11) NOT NULL COMMENT 't_kelas_perkuliahan_',
  `waktu` datetime NOT NULL COMMENT 'now()\n'
) ENGINE=InnoDB DEFAULT CHARSET=utf8;

-- --------------------------------------------------------

--
-- Table structure for table `t_abstrak`
--

CREATE TABLE `t_abstrak` (
  `id_abstrak` int(11) NOT NULL,
  `judul` mediumtext NOT NULL,
  `abstrak` text NOT NULL,
  `kata_kunci` mediumtext NOT NULL
) ENGINE=InnoDB DEFAULT CHARSET=utf8;

--
-- Dumping data for table `t_abstrak`
--

INSERT INTO `t_abstrak` (`id_abstrak`, `judul`, `abstrak`, `kata_kunci`) VALUES
(1, 'd', 'd', 'd'),
(2, 'd', 'd', 'd');

-- --------------------------------------------------------

--
-- Table structure for table `t_admin_prodi`
--

CREATE TABLE `t_admin_prodi` (
  `nik` varchar(30) NOT NULL,
  `id_prodi` int(11) NOT NULL
) ENGINE=InnoDB DEFAULT CHARSET=utf8;

-- --------------------------------------------------------

--
-- Table structure for table `t_akreditas_prodi`
--

CREATE TABLE `t_akreditas_prodi` (
  `kd_akreditas_prodi` varchar(250) NOT NULL COMMENT 'di isi dengan no akreditas prodi untuk karater khusus diganti dengan simbol underline (_)',
  `akreditas` enum('BELUM','A','B','C','D') NOT NULL DEFAULT 'BELUM',
  `tmt_akreditas` date NOT NULL,
  `tanggal_pengusulan_akreditas` date NOT NULL,
  `no_akreditas` varchar(100) DEFAULT NULL
) ENGINE=InnoDB DEFAULT CHARSET=utf8;

--
-- Dumping data for table `t_akreditas_prodi`
--

INSERT INTO `t_akreditas_prodi` (`kd_akreditas_prodi`, `akreditas`, `tmt_akreditas`, `tanggal_pengusulan_akreditas`, `no_akreditas`) VALUES
('0', 'A', '2018-08-07', '2018-08-15', '1');

-- --------------------------------------------------------

--
-- Table structure for table `t_asal_sekolah`
--

CREATE TABLE `t_asal_sekolah` (
  `nik` varchar(30) NOT NULL,
  `nama_sekolah` varchar(100) NOT NULL,
  `nilai_ijazah` float NOT NULL DEFAULT '0',
  `nilai_skhun` float NOT NULL,
  `tahun_lulus` varchar(5) NOT NULL DEFAULT '',
  `url_ijazah` varchar(255) DEFAULT NULL,
  `url_skhun` varchar(255) DEFAULT NULL
) ENGINE=InnoDB DEFAULT CHARSET=utf8;

-- --------------------------------------------------------

--
-- Table structure for table `t_aspek_penilaian`
--

CREATE TABLE `t_aspek_penilaian` (
  `id_aspek_penilaian` int(11) NOT NULL,
  `aspek_penilaian` varchar(255) NOT NULL
) ENGINE=InnoDB DEFAULT CHARSET=utf8;

--
-- Dumping data for table `t_aspek_penilaian`
--

INSERT INTO `t_aspek_penilaian` (`id_aspek_penilaian`, `aspek_penilaian`) VALUES
(0, 'NONE'),
(1, 'Persiapan'),
(2, 'Pelaksanaan'),
(3, 'Penilaian Hasil Belajar Mahasiswa');

-- --------------------------------------------------------

--
-- Table structure for table `t_bimbingan`
--

CREATE TABLE `t_bimbingan` (
  `kd_upload` varchar(10) NOT NULL,
  `materi` text NOT NULL,
  `waktu` datetime NOT NULL DEFAULT CURRENT_TIMESTAMP,
  `nilai` float NOT NULL
) ENGINE=InnoDB DEFAULT CHARSET=utf8;

-- --------------------------------------------------------

--
-- Table structure for table `t_biodata`
--

CREATE TABLE `t_biodata` (
  `nik` varchar(30) NOT NULL,
  `nama` varchar(45) NOT NULL,
  `jenis_kelamin` enum('Pria','Wanita') NOT NULL,
  `tempat_lahir` varchar(100) NOT NULL,
  `tanggal_lahir` date NOT NULL,
  `no_kartu_keluarga` varchar(50) NOT NULL COMMENT 't_kartu_keluarga_',
  `anak_ke` int(11) NOT NULL DEFAULT '0',
  `jumlah_saudara` int(11) NOT NULL DEFAULT '0',
  `id_agama` int(11) NOT NULL,
  `golongan_darah` enum('NONE','A','B','AB','O') NOT NULL DEFAULT 'NONE'
) ENGINE=InnoDB DEFAULT CHARSET=utf8;

--
-- Dumping data for table `t_biodata`
--

INSERT INTO `t_biodata` (`nik`, `nama`, `jenis_kelamin`, `tempat_lahir`, `tanggal_lahir`, `no_kartu_keluarga`, `anak_ke`, `jumlah_saudara`, `id_agama`, `golongan_darah`) VALUES
('11', 'Riski Tuloli', 'Pria', 'bb', '2018-08-07', '1', 1, 3, 0, 'A'),
('2', 'Iswandi M M', 'Pria', 'bb', '2018-08-07', '1', 1, 3, 0, 'A');

-- --------------------------------------------------------

--
-- Table structure for table `t_biodata_karyawan`
--

CREATE TABLE `t_biodata_karyawan` (
  `nik` varchar(30) NOT NULL,
  `id_agama` int(11) NOT NULL,
  `nama_lengkap` varchar(200) NOT NULL,
  `tempat_lahir` varchar(100) NOT NULL,
  `tanggal_lahir` date NOT NULL,
  `jenis_kelamin` enum('Pria','Wanita') NOT NULL,
  `email` varchar(250) NOT NULL,
  `status_pernikahan` enum('Menikah','Belum Menikah') NOT NULL
) ENGINE=InnoDB DEFAULT CHARSET=utf8;

--
-- Dumping data for table `t_biodata_karyawan`
--

INSERT INTO `t_biodata_karyawan` (`nik`, `id_agama`, `nama_lengkap`, `tempat_lahir`, `tanggal_lahir`, `jenis_kelamin`, `email`, `status_pernikahan`) VALUES
('1', 0, 'Bagus Prasetyo', 'bungku', '2018-08-07', 'Pria', 'bagus3040@gmail.com', 'Menikah'),
('1222', 0, 'riski', 'v', '2018-08-21', 'Wanita', 'r@gmail.com', 'Menikah');

-- --------------------------------------------------------

--
-- Table structure for table `t_bobot_nilai`
--

CREATE TABLE `t_bobot_nilai` (
  `id_bobot_nilai` int(11) NOT NULL,
  `deskripsi_penilaian` varchar(25) NOT NULL,
  `bobot_nilai` int(11) NOT NULL,
  `id_skala_penilaian` int(11) NOT NULL
) ENGINE=InnoDB DEFAULT CHARSET=utf8;

--
-- Dumping data for table `t_bobot_nilai`
--

INSERT INTO `t_bobot_nilai` (`id_bobot_nilai`, `deskripsi_penilaian`, `bobot_nilai`, `id_skala_penilaian`) VALUES
(0, 'NONE', 0, 0),
(1, 'Sangat Baik', 4, 4),
(2, 'Baik', 3, 3),
(3, 'Cukup', 2, 2),
(4, 'Kurang', 1, 1);

-- --------------------------------------------------------

--
-- Table structure for table `t_dosen`
--

CREATE TABLE `t_dosen` (
  `kd_dosen` varchar(255) NOT NULL COMMENT 'gunakan function DB (UUID)',
  `nik` varchar(30) NOT NULL COMMENT 't_biodata_karyawan',
  `nidn` varchar(25) NOT NULL DEFAULT 'NONE',
  `status_dosen` enum('NONE','TETAP','DLB') NOT NULL DEFAULT 'NONE',
  `id_prodi` int(11) NOT NULL
) ENGINE=InnoDB DEFAULT CHARSET=utf8;

--
-- Dumping data for table `t_dosen`
--

INSERT INTO `t_dosen` (`kd_dosen`, `nik`, `nidn`, `status_dosen`, `id_prodi`) VALUES
('0', '1', 'NONE', 'NONE', 0),
('1', '1222', 'NONE1', 'NONE', 0);

-- --------------------------------------------------------

--
-- Table structure for table `t_dosen_pa_1`
--

CREATE TABLE `t_dosen_pa_1` (
  `kd_dosen` varchar(255) NOT NULL
) ENGINE=InnoDB DEFAULT CHARSET=utf8;

-- --------------------------------------------------------

--
-- Table structure for table `t_dosen_pengampu`
--

CREATE TABLE `t_dosen_pengampu` (
  `kd_dosen_pengampu` varchar(255) NOT NULL COMMENT 'UUID\n',
  `kd_dosen` varchar(255) NOT NULL,
  `kd_mata_kuliah` varchar(20) NOT NULL,
  `id_kelas` int(11) NOT NULL,
  `id_periode_perkuliahan` int(11) NOT NULL
) ENGINE=InnoDB DEFAULT CHARSET=utf8;

--
-- Dumping data for table `t_dosen_pengampu`
--

INSERT INTO `t_dosen_pengampu` (`kd_dosen_pengampu`, `kd_dosen`, `kd_mata_kuliah`, `id_kelas`, `id_periode_perkuliahan`) VALUES
('1', '0', '1', 1, 1),
('10', '1', '1', 4, 1),
('12', '0', '1', 4, 1),
('4', '0', '1', 3, 1),
('5', '0', '1', 2, 1);

-- --------------------------------------------------------

--
-- Table structure for table `t_gelombang_pendaftaran`
--

CREATE TABLE `t_gelombang_pendaftaran` (
  `id_gelombang_pendaftaran` int(11) NOT NULL,
  `gelombang_pendaftaran` varchar(20) NOT NULL,
  `tmt_gelombang` date NOT NULL,
  `tst_gelombang` date NOT NULL,
  `id_tahun_ajaran` int(11) NOT NULL
) ENGINE=InnoDB DEFAULT CHARSET=utf8;

-- --------------------------------------------------------

--
-- Table structure for table `t_hak_akses`
--

CREATE TABLE `t_hak_akses` (
  `id_url` int(11) NOT NULL COMMENT 't_url_',
  `id_level` int(11) NOT NULL COMMENT 't_level_',
  `id_privilege` int(11) NOT NULL COMMENT 't_privilege_i'
) ENGINE=InnoDB DEFAULT CHARSET=utf8;

-- --------------------------------------------------------

--
-- Table structure for table `t_head_menu`
--

CREATE TABLE `t_head_menu` (
  `id_head_menu` int(11) NOT NULL,
  `caption` varchar(100) NOT NULL,
  `status` enum('1','0') NOT NULL DEFAULT '0',
  `level_short` int(11) NOT NULL DEFAULT '0'
) ENGINE=InnoDB DEFAULT CHARSET=utf8;

-- --------------------------------------------------------

--
-- Table structure for table `t_histori_jabatan`
--

CREATE TABLE `t_histori_jabatan` (
  `nik` varchar(30) NOT NULL,
  `id_jabatan` int(11) NOT NULL COMMENT 'm_jabatan_',
  `tmt_jabatan` date NOT NULL,
  `tst_jabatan` date DEFAULT NULL,
  `no_sk_jabatan` varchar(255) NOT NULL DEFAULT 'NONE',
  `url_sk_jabatan` varchar(255) NOT NULL DEFAULT 'NONE'
) ENGINE=InnoDB DEFAULT CHARSET=utf8;

-- --------------------------------------------------------

--
-- Table structure for table `t_histori_pendidikan`
--

CREATE TABLE `t_histori_pendidikan` (
  `no_izajah` varchar(255) NOT NULL,
  `kd_dosen` varchar(255) NOT NULL COMMENT 't_dosen_',
  `id_jenjang_pendidikan` int(11) NOT NULL COMMENT 'm_jenjang_pendidikan',
  `nama_tempat_pendidikan` varchar(100) NOT NULL,
  `tahun_masuk` varchar(4) NOT NULL,
  `tahun_selesai` varchar(4) NOT NULL,
  `url_upload_ijazah` varchar(250) DEFAULT NULL,
  `url_upload_transkip_nilai_1` varchar(250) DEFAULT NULL,
  `url_upload_transkip_nilai_2` varchar(250) DEFAULT NULL
) ENGINE=InnoDB DEFAULT CHARSET=utf8;

-- --------------------------------------------------------

--
-- Table structure for table `t_histori_penelitian`
--

CREATE TABLE `t_histori_penelitian` (
  `kd_dosen` varchar(255) NOT NULL COMMENT 't_dosen_',
  `kd_penelitian_dosen` varchar(20) NOT NULL COMMENT 't_penelitian_dosen_',
  `author_ke` int(11) NOT NULL
) ENGINE=InnoDB DEFAULT CHARSET=utf8;

-- --------------------------------------------------------

--
-- Table structure for table `t_item_kontrak_perkuliahan`
--

CREATE TABLE `t_item_kontrak_perkuliahan` (
  `id_item_kontrak_perkuliahan` int(11) NOT NULL DEFAULT '0',
  `item_kontrak_perkuliahan` varchar(100) NOT NULL
) ENGINE=InnoDB DEFAULT CHARSET=utf8;

--
-- Dumping data for table `t_item_kontrak_perkuliahan`
--

INSERT INTO `t_item_kontrak_perkuliahan` (`id_item_kontrak_perkuliahan`, `item_kontrak_perkuliahan`) VALUES
(3, 'Laporan'),
(1, 'Quis'),
(2, 'Tugas'),
(5, 'Uas'),
(4, 'Uts');

-- --------------------------------------------------------

--
-- Table structure for table `t_jadwal_perkuliahan`
--

CREATE TABLE `t_jadwal_perkuliahan` (
  `kd_jadwal_perkuliahan` varchar(25) NOT NULL,
  `id_hari` int(11) NOT NULL,
  `id_shift_perkuliahan_awal` int(11) NOT NULL COMMENT 't_shift_perkuliahan_',
  `id_shift_perkuliahan_akhir` int(11) NOT NULL,
  `kd_dosen_pengampu` varchar(255) NOT NULL COMMENT 't_dosen_pengampu_',
  `id_ruangan` int(11) NOT NULL,
  `id_prodi` int(11) NOT NULL,
  `status` enum('1','0') NOT NULL DEFAULT '1'
) ENGINE=InnoDB DEFAULT CHARSET=utf8;

--
-- Dumping data for table `t_jadwal_perkuliahan`
--

INSERT INTO `t_jadwal_perkuliahan` (`kd_jadwal_perkuliahan`, `id_hari`, `id_shift_perkuliahan_awal`, `id_shift_perkuliahan_akhir`, `kd_dosen_pengampu`, `id_ruangan`, `id_prodi`, `status`) VALUES
('1', 2, 2, 2, '1', 0, 0, '1'),
('2', 3, 2, 2, '10', 0, 0, '1');

-- --------------------------------------------------------

--
-- Table structure for table `t_kartu_keluarga`
--

CREATE TABLE `t_kartu_keluarga` (
  `no_kartu_keluarga` varchar(50) NOT NULL,
  `nik` varchar(30) NOT NULL COMMENT 't_orang_tua',
  `id_status_kekeluargaan` int(11) NOT NULL COMMENT 't_status_kekeluargaan',
  `ratarata_penghasilan_ortu_sebulan` decimal(10,0) NOT NULL DEFAULT '0'
) ENGINE=InnoDB DEFAULT CHARSET=utf8;

--
-- Dumping data for table `t_kartu_keluarga`
--

INSERT INTO `t_kartu_keluarga` (`no_kartu_keluarga`, `nik`, `id_status_kekeluargaan`, `ratarata_penghasilan_ortu_sebulan`) VALUES
('1', '1', 1, '0');

-- --------------------------------------------------------

--
-- Table structure for table `t_kat_nilai`
--

CREATE TABLE `t_kat_nilai` (
  `id_kat_nilai` int(11) NOT NULL,
  `kategori_nilai` varchar(100) NOT NULL
) ENGINE=InnoDB DEFAULT CHARSET=utf8;

--
-- Dumping data for table `t_kat_nilai`
--

INSERT INTO `t_kat_nilai` (`id_kat_nilai`, `kategori_nilai`) VALUES
(1, 'SIKAP'),
(2, 'KEAHLIAN UMUM'),
(3, 'KEAHLIAN KHUSUS');

-- --------------------------------------------------------

--
-- Table structure for table `t_kelas_perkuliahan`
--

CREATE TABLE `t_kelas_perkuliahan` (
  `id_kelas` int(11) NOT NULL DEFAULT '0',
  `id_periode_perkuliahan` int(11) NOT NULL DEFAULT '0',
  `nim` varchar(30) NOT NULL
) ENGINE=InnoDB DEFAULT CHARSET=utf8;

--
-- Dumping data for table `t_kelas_perkuliahan`
--

INSERT INTO `t_kelas_perkuliahan` (`id_kelas`, `id_periode_perkuliahan`, `nim`) VALUES
(1, 1, '131315009'),
(1, 1, '131315010'),
(4, 1, '131315009');

-- --------------------------------------------------------

--
-- Table structure for table `t_keluhan`
--

CREATE TABLE `t_keluhan` (
  `nim` varchar(30) NOT NULL,
  `kd_jadwal_perkuliahan` varchar(25) NOT NULL,
  `waktu_masuk` timestamp NOT NULL DEFAULT CURRENT_TIMESTAMP,
  `status` enum('0','1') NOT NULL DEFAULT '0',
  `keluhan` mediumtext NOT NULL
) ENGINE=InnoDB DEFAULT CHARSET=utf8;

-- --------------------------------------------------------

--
-- Table structure for table `t_kis`
--

CREATE TABLE `t_kis` (
  `nik` varchar(30) NOT NULL,
  `no_kis` varchar(50) NOT NULL,
  `url_kis` varchar(255) NOT NULL
) ENGINE=InnoDB DEFAULT CHARSET=utf8;

-- --------------------------------------------------------

--
-- Table structure for table `t_kontrak_kuliah`
--

CREATE TABLE `t_kontrak_kuliah` (
  `kd_kontrak_kuliah` varchar(45) NOT NULL,
  `kd_dosen_pengampu` varchar(255) NOT NULL,
  `id_item_kontrak_perkuliahan` int(11) NOT NULL COMMENT 't_item_kontrak_perkuliahan\n',
  `id_kat_nilai` int(11) NOT NULL,
  `persentase` float NOT NULL DEFAULT '0'
) ENGINE=InnoDB DEFAULT CHARSET=utf8;

--
-- Dumping data for table `t_kontrak_kuliah`
--

INSERT INTO `t_kontrak_kuliah` (`kd_kontrak_kuliah`, `kd_dosen_pengampu`, `id_item_kontrak_perkuliahan`, `id_kat_nilai`, `persentase`) VALUES
('519d31f3-c1fb-11e8-aa8d-88532e68be6a', '1', 1, 1, 10),
('56efc797-c1fb-11e8-aa8d-88532e68be6a', '1', 2, 1, 10),
('6b02a87b-c1fb-11e8-aa8d-88532e68be6a', '1', 3, 1, 10),
('722ee3a7-c1fb-11e8-aa8d-88532e68be6a', '1', 4, 2, 20),
('7b3ba7e5-c1fb-11e8-aa8d-88532e68be6a', '1', 5, 3, 50);

-- --------------------------------------------------------

--
-- Table structure for table `t_krs`
--

CREATE TABLE `t_krs` (
  `nim` varchar(30) NOT NULL,
  `id_paket_perkuliahan` int(11) NOT NULL,
  `id_verifikasi_krs` int(11) NOT NULL COMMENT 't_verifikasi_krs\n'
) ENGINE=InnoDB DEFAULT CHARSET=utf8;

-- --------------------------------------------------------

--
-- Table structure for table `t_kuisioner`
--

CREATE TABLE `t_kuisioner` (
  `id_kuisioner` int(11) NOT NULL,
  `id_aspek_penilaian` int(11) NOT NULL COMMENT 't_aspek_penilaian_',
  `kuisioner` text NOT NULL,
  `status_kuisioner` enum('1','0') NOT NULL DEFAULT '1'
) ENGINE=InnoDB DEFAULT CHARSET=utf8;

-- --------------------------------------------------------

--
-- Table structure for table `t_kurikulum`
--

CREATE TABLE `t_kurikulum` (
  `id_kurikulum` int(11) NOT NULL,
  `nama_kurikulum` varchar(255) NOT NULL,
  `tmt_kurikulum` date NOT NULL,
  `tst_kurikulum` date DEFAULT NULL
) ENGINE=InnoDB DEFAULT CHARSET=utf8;

-- --------------------------------------------------------

--
-- Table structure for table `t_level`
--

CREATE TABLE `t_level` (
  `id_level` int(11) NOT NULL,
  `level` varchar(100) NOT NULL
) ENGINE=InnoDB DEFAULT CHARSET=utf8;

--
-- Dumping data for table `t_level`
--

INSERT INTO `t_level` (`id_level`, `level`) VALUES
(0, 'Administrator'),
(1, 'Direktur'),
(2, 'Wadir Akademik'),
(3, 'Wadir Keuangan'),
(4, 'Ketua Program Studi'),
(5, 'Sekretaris Program Studi'),
(6, 'Kepala Laboratorium'),
(7, 'Dosen'),
(8, 'Mahasiswa'),
(9, 'Administrasi Program Studi');

-- --------------------------------------------------------

--
-- Table structure for table `t_list_perkuliahan`
--

CREATE TABLE `t_list_perkuliahan` (
  `id_paket_perkuliahan` int(11) NOT NULL,
  `id_semester` int(11) NOT NULL,
  `kd_mata_kuliah` varchar(20) NOT NULL,
  `id_kurikulum` int(11) NOT NULL
) ENGINE=InnoDB DEFAULT CHARSET=utf8;

-- --------------------------------------------------------

--
-- Table structure for table `t_mahasiswa`
--

CREATE TABLE `t_mahasiswa` (
  `nim` varchar(30) NOT NULL,
  `id_status_mahasiswa` int(11) NOT NULL COMMENT 't_status_mahasiswa\n',
  `nik` varchar(30) NOT NULL COMMENT 't_biodata',
  `id_prodi` int(11) NOT NULL,
  `kd_dosen_pa` varchar(255) NOT NULL
) ENGINE=InnoDB DEFAULT CHARSET=utf8;

--
-- Dumping data for table `t_mahasiswa`
--

INSERT INTO `t_mahasiswa` (`nim`, `id_status_mahasiswa`, `nik`, `id_prodi`, `kd_dosen_pa`) VALUES
('131315009', 1, '11', 0, '0'),
('131315010', 1, '2', 0, '0');

-- --------------------------------------------------------

--
-- Table structure for table `t_mata_kuliah`
--

CREATE TABLE `t_mata_kuliah` (
  `kd_mata_kuliah` varchar(20) NOT NULL,
  `nama_mata_kuliah` varchar(250) NOT NULL,
  `sks_teori` int(11) NOT NULL DEFAULT '0',
  `sks_praktek` int(11) NOT NULL DEFAULT '0'
) ENGINE=InnoDB DEFAULT CHARSET=utf8;

--
-- Dumping data for table `t_mata_kuliah`
--

INSERT INTO `t_mata_kuliah` (`kd_mata_kuliah`, `nama_mata_kuliah`, `sks_teori`, `sks_praktek`) VALUES
('1', 'Pemrograman Web I', 0, 0);

-- --------------------------------------------------------

--
-- Table structure for table `t_materi_perkuliahan`
--

CREATE TABLE `t_materi_perkuliahan` (
  `id_materi_perkuliahan` int(11) NOT NULL,
  `kd_jadwal_perkuliahan` varchar(25) NOT NULL,
  `kd_rps` varchar(5) NOT NULL,
  `tanggal` date NOT NULL COMMENT 'now()\n'
) ENGINE=InnoDB DEFAULT CHARSET=utf8;

-- --------------------------------------------------------

--
-- Table structure for table `t_nilai`
--

CREATE TABLE `t_nilai` (
  `kd_kontrak_kuliah` varchar(45) NOT NULL COMMENT 't_kontrak_kuliah_',
  `nim` varchar(30) NOT NULL,
  `nilai` float NOT NULL DEFAULT '0',
  `tanggal` datetime NOT NULL COMMENT 'now()',
  `idx` int(11) NOT NULL DEFAULT '0'
) ENGINE=InnoDB DEFAULT CHARSET=utf8;

--
-- Dumping data for table `t_nilai`
--

INSERT INTO `t_nilai` (`kd_kontrak_kuliah`, `nim`, `nilai`, `tanggal`, `idx`) VALUES
('519d31f3-c1fb-11e8-aa8d-88532e68be6a', '131315009', 100, '2018-09-27 10:19:59', 1),
('519d31f3-c1fb-11e8-aa8d-88532e68be6a', '131315010', 100, '2018-09-27 10:19:59', 1),
('519d31f3-c1fb-11e8-aa8d-88532e68be6a', '131315009', 100, '2018-09-27 10:20:19', 2),
('519d31f3-c1fb-11e8-aa8d-88532e68be6a', '131315010', 100, '2018-09-27 10:20:19', 2),
('519d31f3-c1fb-11e8-aa8d-88532e68be6a', '131315009', 100, '2018-09-27 10:20:40', 3),
('519d31f3-c1fb-11e8-aa8d-88532e68be6a', '131315010', 90, '2018-09-27 10:20:40', 3),
('519d31f3-c1fb-11e8-aa8d-88532e68be6a', '131315009', 100, '2018-09-27 10:20:51', 4),
('519d31f3-c1fb-11e8-aa8d-88532e68be6a', '131315010', 100, '2018-09-27 10:20:51', 4),
('56efc797-c1fb-11e8-aa8d-88532e68be6a', '131315009', 90, '2018-09-27 10:21:07', 5),
('56efc797-c1fb-11e8-aa8d-88532e68be6a', '131315010', 90, '2018-09-27 10:21:07', 5),
('56efc797-c1fb-11e8-aa8d-88532e68be6a', '131315009', 100, '2018-09-27 10:21:17', 6),
('56efc797-c1fb-11e8-aa8d-88532e68be6a', '131315010', 100, '2018-09-27 10:21:17', 6),
('6b02a87b-c1fb-11e8-aa8d-88532e68be6a', '131315009', 100, '2018-09-27 10:21:37', 7),
('6b02a87b-c1fb-11e8-aa8d-88532e68be6a', '131315010', 90, '2018-09-27 10:21:37', 7),
('56efc797-c1fb-11e8-aa8d-88532e68be6a', '131315009', 100, '2018-09-27 10:21:59', 8),
('56efc797-c1fb-11e8-aa8d-88532e68be6a', '131315010', 100, '2018-09-27 10:21:59', 8),
('56efc797-c1fb-11e8-aa8d-88532e68be6a', '131315009', 100, '2018-09-27 10:22:09', 9),
('56efc797-c1fb-11e8-aa8d-88532e68be6a', '131315010', 100, '2018-09-27 10:22:09', 9),
('6b02a87b-c1fb-11e8-aa8d-88532e68be6a', '131315009', 100, '2018-09-27 10:22:30', 10),
('6b02a87b-c1fb-11e8-aa8d-88532e68be6a', '131315010', 100, '2018-09-27 10:22:30', 10),
('6b02a87b-c1fb-11e8-aa8d-88532e68be6a', '131315009', 100, '2018-09-27 10:22:39', 11),
('6b02a87b-c1fb-11e8-aa8d-88532e68be6a', '131315010', 100, '2018-09-27 10:22:40', 11),
('6b02a87b-c1fb-11e8-aa8d-88532e68be6a', '131315009', 77, '2018-09-27 10:22:55', 12),
('6b02a87b-c1fb-11e8-aa8d-88532e68be6a', '131315010', 75, '2018-09-27 10:22:55', 12),
('722ee3a7-c1fb-11e8-aa8d-88532e68be6a', '131315009', 100, '2018-10-02 17:48:28', 13),
('722ee3a7-c1fb-11e8-aa8d-88532e68be6a', '131315010', 100, '2018-10-02 17:48:28', 13),
('7b3ba7e5-c1fb-11e8-aa8d-88532e68be6a', '131315009', 100, '2018-10-02 17:48:37', 14),
('7b3ba7e5-c1fb-11e8-aa8d-88532e68be6a', '131315010', 100, '2018-10-02 17:48:37', 14);

-- --------------------------------------------------------

--
-- Table structure for table `t_nilai_alumni`
--

CREATE TABLE `t_nilai_alumni` (
  `kd_kontrak_kuliah` varchar(45) NOT NULL COMMENT 't_kontrak_kuliah_',
  `nim` varchar(30) NOT NULL,
  `nilai` float NOT NULL DEFAULT '0',
  `tanggal` datetime NOT NULL COMMENT 'now()'
) ENGINE=InnoDB DEFAULT CHARSET=utf8;

-- --------------------------------------------------------

--
-- Table structure for table `t_orang_tua`
--

CREATE TABLE `t_orang_tua` (
  `nik` varchar(30) NOT NULL,
  `nama_ortu` varchar(255) NOT NULL,
  `tempat_lahir` varchar(100) DEFAULT NULL,
  `tanggal_lahir` date NOT NULL,
  `jenis_kelamin` enum('Pria','Wanita') NOT NULL,
  `id_pekerjaan` int(11) NOT NULL COMMENT 't_pekerjaan_',
  `id_pendidikan_terakhir` int(11) NOT NULL,
  `pendapatan` decimal(10,0) NOT NULL DEFAULT '0'
) ENGINE=InnoDB DEFAULT CHARSET=utf8;

--
-- Dumping data for table `t_orang_tua`
--

INSERT INTO `t_orang_tua` (`nik`, `nama_ortu`, `tempat_lahir`, `tanggal_lahir`, `jenis_kelamin`, `id_pekerjaan`, `id_pendidikan_terakhir`, `pendapatan`) VALUES
('1', 'naba', 'bb', '2018-08-13', 'Pria', 1, 16, '0');

-- --------------------------------------------------------

--
-- Table structure for table `t_paket_perkuliahan`
--

CREATE TABLE `t_paket_perkuliahan` (
  `id_paket_perkuliahan` int(11) NOT NULL,
  `id_prodi` int(11) NOT NULL
) ENGINE=InnoDB DEFAULT CHARSET=utf8;

-- --------------------------------------------------------

--
-- Table structure for table `t_pa_pil_siswa`
--

CREATE TABLE `t_pa_pil_siswa` (
  `kd_pil_pa_siswa` varchar(10) NOT NULL,
  `nim` varchar(30) NOT NULL,
  `kd_dosen` varchar(255) NOT NULL,
  `id_periode` int(10) NOT NULL,
  `status_pilihan` enum('0','1') NOT NULL,
  `waktu_mengajukan` datetime NOT NULL DEFAULT CURRENT_TIMESTAMP,
  `waktu_disetujui` datetime NOT NULL DEFAULT CURRENT_TIMESTAMP,
  `ke` enum('0','1') NOT NULL
) ENGINE=InnoDB DEFAULT CHARSET=utf8;

-- --------------------------------------------------------

--
-- Table structure for table `t_pekerjaan`
--

CREATE TABLE `t_pekerjaan` (
  `id_pekerjaan` int(11) NOT NULL,
  `pekerjaan` varchar(200) NOT NULL
) ENGINE=InnoDB DEFAULT CHARSET=utf8;

--
-- Dumping data for table `t_pekerjaan`
--

INSERT INTO `t_pekerjaan` (`id_pekerjaan`, `pekerjaan`) VALUES
(0, 'NONE'),
(1, 'Aparatur Sipil Negara (ASN)'),
(2, 'Anggota TNI / Polri'),
(3, 'Pengusaha'),
(4, 'Pedagang'),
(5, 'Petani'),
(6, 'Tukang Bangunan'),
(7, 'Penjahit'),
(8, 'Asisten Rumah Tangga'),
(9, 'Lain-Lain');

-- --------------------------------------------------------

--
-- Table structure for table `t_pendaftaran`
--

CREATE TABLE `t_pendaftaran` (
  `id_pendaftaran` varchar(45) NOT NULL,
  `nik` varchar(30) NOT NULL,
  `id_gelombang_pendaftaran` int(11) NOT NULL
) ENGINE=InnoDB DEFAULT CHARSET=utf8;

-- --------------------------------------------------------

--
-- Table structure for table `t_penelitian_dosen`
--

CREATE TABLE `t_penelitian_dosen` (
  `kd_penelitian_dosen` varchar(20) NOT NULL,
  `judul_penelitian` mediumtext NOT NULL,
  `penulis` mediumtext NOT NULL COMMENT 'boleh lebih dari 1 penulis dengan pemisah tanda koma (,)',
  `jenis_publikasi` enum('Jurnal','Seminar') NOT NULL,
  `tanggal_publikasi` date NOT NULL,
  `tempat_publikasi` varchar(250) NOT NULL,
  `volume_publikasi` varchar(150) DEFAULT NULL,
  `link_publikasi` mediumtext
) ENGINE=InnoDB DEFAULT CHARSET=utf8;

-- --------------------------------------------------------

--
-- Table structure for table `t_periode_perkuliahan`
--

CREATE TABLE `t_periode_perkuliahan` (
  `id_periode_perkuliahan` int(11) NOT NULL,
  `id_tahun_ajaran` int(11) NOT NULL COMMENT 't_tahun_ajaran_',
  `id_semester` int(11) NOT NULL COMMENT 'm_semester'
) ENGINE=InnoDB DEFAULT CHARSET=utf8;

--
-- Dumping data for table `t_periode_perkuliahan`
--

INSERT INTO `t_periode_perkuliahan` (`id_periode_perkuliahan`, `id_tahun_ajaran`, `id_semester`) VALUES
(1, 1, 1);

-- --------------------------------------------------------

--
-- Table structure for table `t_pilihan_prodi`
--

CREATE TABLE `t_pilihan_prodi` (
  `pilihan_ke` int(11) NOT NULL DEFAULT '0',
  `id_prodi` int(11) NOT NULL,
  `id_pendaftaran` varchar(45) NOT NULL
) ENGINE=InnoDB DEFAULT CHARSET=utf8;

-- --------------------------------------------------------

--
-- Table structure for table `t_privilege`
--

CREATE TABLE `t_privilege` (
  `id_privilege` int(11) NOT NULL,
  `privilege` varchar(45) DEFAULT NULL,
  `edit` tinyint(1) NOT NULL DEFAULT '0',
  `delete` tinyint(1) NOT NULL DEFAULT '0',
  `view` tinyint(1) NOT NULL DEFAULT '0',
  `insert` tinyint(1) NOT NULL DEFAULT '0'
) ENGINE=InnoDB DEFAULT CHARSET=utf8;

--
-- Dumping data for table `t_privilege`
--

INSERT INTO `t_privilege` (`id_privilege`, `privilege`, `edit`, `delete`, `view`, `insert`) VALUES
(0, 'Disable', 0, 0, 0, 0),
(1, 'Ubah Data', 1, 0, 1, 0),
(2, 'Hapus Data', 0, 1, 1, 0),
(3, 'Tampil Data', 0, 0, 1, 0),
(4, 'Tambah Data', 0, 0, 1, 1),
(5, 'Tambah dan Hapus Data', 0, 1, 1, 1),
(6, 'Ubah dan Hapus Data', 1, 1, 1, 0),
(7, 'Tambah dan Ubah Data', 1, 0, 1, 1),
(8, 'Tambah Ubah dan Hapus Data', 1, 1, 1, 1);

-- --------------------------------------------------------

--
-- Table structure for table `t_prodi`
--

CREATE TABLE `t_prodi` (
  `id_prodi` int(11) NOT NULL,
  `kode_prodi_dikti` varchar(100) NOT NULL DEFAULT 'NONE',
  `nama_prodi` varchar(200) NOT NULL,
  `kd_akreditas_prodi` varchar(250) NOT NULL COMMENT 't_akreditas_prodi_'
) ENGINE=InnoDB DEFAULT CHARSET=utf8;

--
-- Dumping data for table `t_prodi`
--

INSERT INTO `t_prodi` (`id_prodi`, `kode_prodi_dikti`, `nama_prodi`, `kd_akreditas_prodi`) VALUES
(0, 'NONE', 'TI', '0');

-- --------------------------------------------------------

--
-- Table structure for table `t_proposal_pa`
--

CREATE TABLE `t_proposal_pa` (
  `kd_pil_pa_siswa` varchar(10) NOT NULL,
  `id_abstrak` int(11) NOT NULL
) ENGINE=InnoDB DEFAULT CHARSET=utf8;

-- --------------------------------------------------------

--
-- Table structure for table `t_rekomendasi_pa`
--

CREATE TABLE `t_rekomendasi_pa` (
  `id_rekomendasi_pa` int(11) NOT NULL,
  `kd_dosen_rekomendas` varchar(255) NOT NULL,
  `alasan` text NOT NULL,
  `kd_pil_pa_siswa` varchar(10) NOT NULL
) ENGINE=InnoDB DEFAULT CHARSET=utf8;

-- --------------------------------------------------------

--
-- Table structure for table `t_respondensi_kd`
--

CREATE TABLE `t_respondensi_kd` (
  `kd_dosen_pengampu` varchar(255) NOT NULL,
  `kd` varchar(255) NOT NULL,
  `id_kuisioner` int(11) NOT NULL COMMENT 't_kuisioner\n',
  `id_bobot_nilai` int(11) NOT NULL COMMENT 't_bobot_nilai\n',
  `waktu` timestamp NOT NULL DEFAULT CURRENT_TIMESTAMP ON UPDATE CURRENT_TIMESTAMP
) ENGINE=InnoDB DEFAULT CHARSET=utf8;

-- --------------------------------------------------------

--
-- Table structure for table `t_rps`
--

CREATE TABLE `t_rps` (
  `kd_rps` varchar(25) NOT NULL,
  `kd_mata_kuliah` varchar(45) NOT NULL,
  `id_pertemuan` int(11) NOT NULL,
  `materi` varchar(250) NOT NULL,
  `target_kemampuan` text NOT NULL,
  `bahasa_kajian` varchar(255) NOT NULL,
  `metode_kuliah` varchar(45) NOT NULL,
  `alokasi_waktu_teori` int(11) NOT NULL DEFAULT '0',
  `alokasi_waktu_praktek` int(11) NOT NULL,
  `status_rps` enum('1','0') NOT NULL DEFAULT '1'
) ENGINE=InnoDB DEFAULT CHARSET=utf8;

-- --------------------------------------------------------

--
-- Table structure for table `t_shift_perkuliahan`
--

CREATE TABLE `t_shift_perkuliahan` (
  `id_shift_perkuliahan` int(11) NOT NULL,
  `id_periode_perkuliahan` int(11) NOT NULL COMMENT 't_periode_perkuliahan\n',
  `level` int(11) NOT NULL,
  `waktu_mulai` time NOT NULL,
  `waktu_selesai` time NOT NULL
) ENGINE=InnoDB DEFAULT CHARSET=utf8;

--
-- Dumping data for table `t_shift_perkuliahan`
--

INSERT INTO `t_shift_perkuliahan` (`id_shift_perkuliahan`, `id_periode_perkuliahan`, `level`, `waktu_mulai`, `waktu_selesai`) VALUES
(1, 1, 1, '04:00:00', '05:59:59'),
(2, 1, 1, '02:00:00', '23:59:59');

-- --------------------------------------------------------

--
-- Table structure for table `t_skala_penilaian`
--

CREATE TABLE `t_skala_penilaian` (
  `id_skala_penilaian` int(11) NOT NULL,
  `rentang_awal` float NOT NULL,
  `rentang_akhir` float NOT NULL,
  `kualifikasi` varchar(4) NOT NULL,
  `deskripsi` varchar(15) NOT NULL
) ENGINE=InnoDB DEFAULT CHARSET=utf8;

--
-- Dumping data for table `t_skala_penilaian`
--

INSERT INTO `t_skala_penilaian` (`id_skala_penilaian`, `rentang_awal`, `rentang_akhir`, `kualifikasi`, `deskripsi`) VALUES
(0, 0, 0, '0', '0'),
(1, 1.01, 2.39, 'D', 'Kurang'),
(2, 2.41, 2.99, 'C', 'Cukup'),
(3, 3.01, 3.59, 'B', 'Baik'),
(4, 3.61, 4, 'A', 'Sangat Baik');

-- --------------------------------------------------------

--
-- Table structure for table `t_sk_kepanitiaan`
--

CREATE TABLE `t_sk_kepanitiaan` (
  `nik` varchar(30) NOT NULL,
  `tema_kegiatan` mediumtext NOT NULL,
  `tmt_kepanitiaan` date NOT NULL,
  `tst_kepanitiaan` date NOT NULL,
  `status_tim_kepanitiaan` enum('Ketua','Sekretaris','Bendahara','Anggota') NOT NULL,
  `deskripsi_status_tim_kepanitiaan` mediumtext NOT NULL,
  `level_kepanitiaan` enum('Institusi','Prodi','Diluar Institusi') NOT NULL,
  `no_sk_kepanitian` varchar(255) NOT NULL,
  `url_sk_kepanitiaan` varchar(255) NOT NULL
) ENGINE=InnoDB DEFAULT CHARSET=utf8;

-- --------------------------------------------------------

--
-- Table structure for table `t_sk_pangkat_akademik`
--

CREATE TABLE `t_sk_pangkat_akademik` (
  `no_sk_pangkat_akademik` varchar(100) NOT NULL,
  `id_pangkat_akademik` int(11) NOT NULL COMMENT 'm_pangkat_akademik',
  `kd_dosen` varchar(255) NOT NULL COMMENT 't_dosen',
  `tmt_masa_penilaian` date NOT NULL,
  `tst_masa_penilaian` date NOT NULL,
  `tmt_pangkat_akademik` date NOT NULL,
  `url_pangkat_akademik` varchar(255) NOT NULL
) ENGINE=InnoDB DEFAULT CHARSET=utf8;

-- --------------------------------------------------------

--
-- Table structure for table `t_sk_pengabdian`
--

CREATE TABLE `t_sk_pengabdian` (
  `kd_dosen` varchar(255) NOT NULL COMMENT 't_dosen_',
  `no_sk_pengabdian` varchar(255) NOT NULL,
  `tema_pengabdian` mediumtext NOT NULL,
  `tmt_pengabdian` date NOT NULL,
  `tst_pengabdian` date NOT NULL,
  `tempat_pengabdian` varchar(100) NOT NULL,
  `sasaran_pengabdian` varchar(200) NOT NULL,
  `abstak_pengabdian` text NOT NULL,
  `status_tim_pengabdian` enum('Ketua','Sekretaris','Anggota') NOT NULL
) ENGINE=InnoDB DEFAULT CHARSET=utf8;

-- --------------------------------------------------------

--
-- Table structure for table `t_sk_yayasan`
--

CREATE TABLE `t_sk_yayasan` (
  `nik` varchar(30) NOT NULL,
  `no_sk` varchar(100) NOT NULL,
  `tmt` date NOT NULL,
  `nipy` varchar(100) NOT NULL,
  `url_upload` varchar(255) NOT NULL
) ENGINE=InnoDB DEFAULT CHARSET=utf8;

-- --------------------------------------------------------

--
-- Table structure for table `t_spesial_hak_akses`
--

CREATE TABLE `t_spesial_hak_akses` (
  `kd_user` varchar(255) NOT NULL COMMENT 't_user_',
  `id_url` int(11) NOT NULL COMMENT 't_url_',
  `id_privilege` int(11) NOT NULL COMMENT 't_privilege_i'
) ENGINE=InnoDB DEFAULT CHARSET=utf8;

-- --------------------------------------------------------

--
-- Table structure for table `t_status_mahasiswa`
--

CREATE TABLE `t_status_mahasiswa` (
  `id_status_mahasiswa` int(11) NOT NULL,
  `status_mahasiswa` varchar(100) NOT NULL
) ENGINE=InnoDB DEFAULT CHARSET=utf8;

--
-- Dumping data for table `t_status_mahasiswa`
--

INSERT INTO `t_status_mahasiswa` (`id_status_mahasiswa`, `status_mahasiswa`) VALUES
(0, 'NONE'),
(1, 'Aktif'),
(2, 'Cuti'),
(3, 'Drop Out'),
(4, 'Alumni');

-- --------------------------------------------------------

--
-- Table structure for table `t_tahun_ajaran`
--

CREATE TABLE `t_tahun_ajaran` (
  `id_tahun_ajaran` int(11) NOT NULL,
  `tmt_tahun_ajaran` varchar(4) NOT NULL,
  `tst_tahun_ajaran` varchar(4) NOT NULL,
  `status_tahun_ajaran` enum('1','0') NOT NULL DEFAULT '1'
) ENGINE=InnoDB DEFAULT CHARSET=utf8;

--
-- Dumping data for table `t_tahun_ajaran`
--

INSERT INTO `t_tahun_ajaran` (`id_tahun_ajaran`, `tmt_tahun_ajaran`, `tst_tahun_ajaran`, `status_tahun_ajaran`) VALUES
(1, '1', '1', '1');

-- --------------------------------------------------------

--
-- Table structure for table `t_upload_bimbingan`
--

CREATE TABLE `t_upload_bimbingan` (
  `kd_upload` varchar(10) NOT NULL,
  `kd_pil_pa_siswa` varchar(10) NOT NULL,
  `url_upload` varchar(255) NOT NULL,
  `waktu` datetime NOT NULL DEFAULT CURRENT_TIMESTAMP
) ENGINE=InnoDB DEFAULT CHARSET=utf8;

-- --------------------------------------------------------

--
-- Table structure for table `t_url`
--

CREATE TABLE `t_url` (
  `id_url` int(11) NOT NULL,
  `url` varchar(255) NOT NULL,
  `deskripsi_url` varchar(255) NOT NULL,
  `id_head_menu` int(11) NOT NULL COMMENT 't_head_menu_',
  `nama_view` varchar(255) NOT NULL,
  `level_short` int(11) NOT NULL DEFAULT '0'
) ENGINE=InnoDB DEFAULT CHARSET=utf8;

-- --------------------------------------------------------

--
-- Table structure for table `t_user`
--

CREATE TABLE `t_user` (
  `kd_user` varchar(255) NOT NULL,
  `user` varchar(200) NOT NULL,
  `password` varchar(200) NOT NULL,
  `id_level` int(11) NOT NULL COMMENT 't_level_',
  `status` enum('1','0') NOT NULL DEFAULT '0'
) ENGINE=InnoDB DEFAULT CHARSET=utf8;

--
-- Dumping data for table `t_user`
--

INSERT INTO `t_user` (`kd_user`, `user`, `password`, `id_level`, `status`) VALUES
('3a029f04d76d32e79367c4b3255dda4d', 'riski', 'c4ca4238a0b923820dcc509a6f75849b', 0, '1'),
('c4ca4238a0b923820dcc509a6f75849b', 'bg', 'cd0acfe085eeb0f874391fb9b8009bed', 0, '1');

-- --------------------------------------------------------

--
-- Table structure for table `t_verifikasi_krs`
--

CREATE TABLE `t_verifikasi_krs` (
  `id_verifikasi_krs` int(11) NOT NULL,
  `status_krs` varchar(45) NOT NULL
) ENGINE=InnoDB DEFAULT CHARSET=utf8;

--
-- Dumping data for table `t_verifikasi_krs`
--

INSERT INTO `t_verifikasi_krs` (`id_verifikasi_krs`, `status_krs`) VALUES
(0, 'NONE'),
(1, 'Diaktifkan Bagian Prodi'),
(2, 'Diverifikasi Bagian Akademik'),
(3, 'Pengambilan Paket'),
(4, 'Pembimbing Akademik'),
(5, 'Diverifikasi Kaprodi');

-- --------------------------------------------------------

--
-- Stand-in structure for view `v_absensi`
-- (See below for the actual view)
--
CREATE TABLE `v_absensi` (
`nim` varchar(30)
,`nama` varchar(45)
,`waktu_masuk` timestamp
);

-- --------------------------------------------------------

--
-- Stand-in structure for view `v_dosen_poligon`
-- (See below for the actual view)
--
CREATE TABLE `v_dosen_poligon` (
`kd_dosen` varchar(255)
,`nik` varchar(30)
,`nidn` varchar(25)
,`status_dosen` enum('NONE','TETAP','DLB')
,`id_prodi` int(11)
,`kd_dosen_pengampu` varchar(255)
,`nama_lengkap` varchar(200)
,`nama_prodi` varchar(200)
,`nama_mata_kuliah` varchar(250)
,`ldmk` varchar(453)
);

-- --------------------------------------------------------

--
-- Stand-in structure for view `v_jumlah_nim`
-- (See below for the actual view)
--
CREATE TABLE `v_jumlah_nim` (
`kd_kontrak_kuliah` varchar(45)
,`nim` varchar(30)
,`jml_nim` bigint(21)
);

-- --------------------------------------------------------

--
-- Stand-in structure for view `v_list_biodata`
-- (See below for the actual view)
--
CREATE TABLE `v_list_biodata` (
`kd` varchar(32)
,`nik` varchar(30)
,`nama_lengkap` varchar(200)
,`tipe` varchar(9)
);

-- --------------------------------------------------------

--
-- Stand-in structure for view `v_list_semester_mahasiswa`
-- (See below for the actual view)
--
CREATE TABLE `v_list_semester_mahasiswa` (
`nim` varchar(30)
,`semester` int(11)
);

-- --------------------------------------------------------

--
-- Stand-in structure for view `v_nilai_ahkir_mk`
-- (See below for the actual view)
--
CREATE TABLE `v_nilai_ahkir_mk` (
`nim` varchar(30)
,`nama` varchar(45)
,`kd_kontrak_kuliah` varchar(45)
,`id_kat_nilai` int(11)
,`kd_dosen_pengampu` varchar(255)
,`jml_nilai` double(19,2)
);

-- --------------------------------------------------------

--
-- Stand-in structure for view `v_pengajuan`
-- (See below for the actual view)
--
CREATE TABLE `v_pengajuan` (
`ke` enum('0','1')
,`nama` varchar(45)
,`status_tahun_ajaran` enum('1','0')
,`waktu_mengajukan` datetime
,`waktu_disetujui` datetime
,`judul` mediumtext
,`abstrak` text
,`kata_kunci` mediumtext
,`nama_lengkap` varchar(200)
);

-- --------------------------------------------------------

--
-- Structure for view `v_absensi`
--
DROP TABLE IF EXISTS `v_absensi`;

CREATE ALGORITHM=UNDEFINED DEFINER=`root`@`localhost` SQL SECURITY DEFINER VIEW `v_absensi`  AS  select `a`.`nim` AS `nim`,`b`.`nama` AS `nama`,`a`.`waktu_masuk` AS `waktu_masuk` from ((`t_absensi` `a` left join `t_mahasiswa` `m` on((`m`.`nim` = `a`.`nim`))) left join `t_biodata` `b` on((`b`.`nik` = `m`.`nik`))) ;

-- --------------------------------------------------------

--
-- Structure for view `v_dosen_poligon`
--
DROP TABLE IF EXISTS `v_dosen_poligon`;

CREATE ALGORITHM=UNDEFINED DEFINER=`root`@`localhost` SQL SECURITY DEFINER VIEW `v_dosen_poligon`  AS  select `d`.`kd_dosen` AS `kd_dosen`,`d`.`nik` AS `nik`,`d`.`nidn` AS `nidn`,`d`.`status_dosen` AS `status_dosen`,`d`.`id_prodi` AS `id_prodi`,`dp`.`kd_dosen_pengampu` AS `kd_dosen_pengampu`,`b`.`nama_lengkap` AS `nama_lengkap`,`p`.`nama_prodi` AS `nama_prodi`,`mk`.`nama_mata_kuliah` AS `nama_mata_kuliah`,concat(`b`.`nama_lengkap`,' - ',`mk`.`nama_mata_kuliah`) AS `ldmk` from (((`t_dosen` `d` join `t_biodata_karyawan` `b`) join (`t_dosen_pengampu` `dp` left join `t_mata_kuliah` `mk` on((`dp`.`kd_mata_kuliah` = `mk`.`kd_mata_kuliah`)))) join `t_prodi` `p`) where ((`b`.`nik` = `d`.`nik`) and (`dp`.`kd_dosen` = `d`.`kd_dosen`) and (`p`.`id_prodi` = `d`.`id_prodi`)) ;

-- --------------------------------------------------------

--
-- Structure for view `v_jumlah_nim`
--
DROP TABLE IF EXISTS `v_jumlah_nim`;

CREATE ALGORITHM=UNDEFINED DEFINER=`root`@`localhost` SQL SECURITY DEFINER VIEW `v_jumlah_nim`  AS  select `t_nilai`.`kd_kontrak_kuliah` AS `kd_kontrak_kuliah`,`t_nilai`.`nim` AS `nim`,count(`t_nilai`.`nim`) AS `jml_nim` from `t_nilai` group by `t_nilai`.`kd_kontrak_kuliah`,`t_nilai`.`nim` ;

-- --------------------------------------------------------

--
-- Structure for view `v_list_biodata`
--
DROP TABLE IF EXISTS `v_list_biodata`;

CREATE ALGORITHM=UNDEFINED DEFINER=`root`@`localhost` SQL SECURITY DEFINER VIEW `v_list_biodata`  AS  select md5(`b`.`nik`) AS `kd`,`b`.`nik` AS `nik`,`b`.`nama` AS `nama_lengkap`,'mahasiswa' AS `tipe` from `t_biodata` `b` union select md5(`k`.`nik`) AS `kd`,`k`.`nik` AS `nik`,`k`.`nama_lengkap` AS `nama_lengkap`,if(isnull(`d`.`nik`),'karyawan','dosen') AS `tipe` from (`t_biodata_karyawan` `k` left join `t_dosen` `d` on((`d`.`nik` = `k`.`nik`))) ;

-- --------------------------------------------------------

--
-- Structure for view `v_list_semester_mahasiswa`
--
DROP TABLE IF EXISTS `v_list_semester_mahasiswa`;

CREATE ALGORITHM=UNDEFINED DEFINER=`root`@`localhost` SQL SECURITY DEFINER VIEW `v_list_semester_mahasiswa`  AS  (select `k`.`nim` AS `nim`,max(`l`.`id_semester`) AS `semester` from (`t_krs` `k` join `t_list_perkuliahan` `l`) where (`k`.`id_paket_perkuliahan` = `l`.`id_paket_perkuliahan`) group by `k`.`nim`) ;

-- --------------------------------------------------------

--
-- Structure for view `v_nilai_ahkir_mk`
--
DROP TABLE IF EXISTS `v_nilai_ahkir_mk`;

CREATE ALGORITHM=UNDEFINED DEFINER=`root`@`localhost` SQL SECURITY DEFINER VIEW `v_nilai_ahkir_mk`  AS  select `a`.`nim` AS `nim`,`d`.`nama` AS `nama`,`a`.`kd_kontrak_kuliah` AS `kd_kontrak_kuliah`,`b`.`id_kat_nilai` AS `id_kat_nilai`,`b`.`kd_dosen_pengampu` AS `kd_dosen_pengampu`,round((((sum(`a`.`nilai`) / `getmax_nilai`(`a`.`kd_kontrak_kuliah`)) * `b`.`persentase`) / 100),2) AS `jml_nilai` from (((`t_nilai` `a` left join `t_kontrak_kuliah` `b` on((`a`.`kd_kontrak_kuliah` = `b`.`kd_kontrak_kuliah`))) left join `t_mahasiswa` `c` on((`a`.`nim` = `c`.`nim`))) left join `t_biodata` `d` on((`c`.`nik` = `d`.`nik`))) group by `a`.`nim`,`d`.`nama`,`a`.`kd_kontrak_kuliah`,`b`.`id_kat_nilai`,`b`.`kd_dosen_pengampu` ;

-- --------------------------------------------------------

--
-- Structure for view `v_pengajuan`
--
DROP TABLE IF EXISTS `v_pengajuan`;

CREATE ALGORITHM=UNDEFINED DEFINER=`root`@`localhost` SQL SECURITY DEFINER VIEW `v_pengajuan`  AS  select `a`.`ke` AS `ke`,`b`.`nama` AS `nama`,`c`.`status_tahun_ajaran` AS `status_tahun_ajaran`,`a`.`waktu_mengajukan` AS `waktu_mengajukan`,`a`.`waktu_disetujui` AS `waktu_disetujui`,`d`.`judul` AS `judul`,`d`.`abstrak` AS `abstrak`,`d`.`kata_kunci` AS `kata_kunci`,`e`.`nama_lengkap` AS `nama_lengkap` from (((((((((`t_pa_pil_siswa` `a` left join `t_mahasiswa` `m` on((`a`.`nim` = `m`.`nim`))) left join `t_biodata` `b` on((`m`.`nik` = `b`.`nik`))) left join `t_periode_perkuliahan` `f` on((`a`.`id_periode` = `f`.`id_periode_perkuliahan`))) left join `t_tahun_ajaran` `c` on((`f`.`id_tahun_ajaran` = `c`.`id_tahun_ajaran`))) left join `t_proposal_pa` `h` on((`a`.`kd_pil_pa_siswa` = `h`.`kd_pil_pa_siswa`))) left join `t_abstrak` `d` on((`h`.`id_abstrak` = `d`.`id_abstrak`))) left join `t_dosen_pa_1` `j` on((`a`.`kd_dosen` = `j`.`kd_dosen`))) left join `t_dosen` `k` on((`j`.`kd_dosen` = `k`.`kd_dosen`))) left join `t_biodata_karyawan` `e` on((`k`.`nik` = `e`.`nik`))) ;

--
-- Indexes for dumped tables
--

--
-- Indexes for table `ci_sessions`
--
ALTER TABLE `ci_sessions`
  ADD PRIMARY KEY (`id`),
  ADD KEY `ci_sessions_timestamp` (`timestamp`);

--
-- Indexes for table `m_agama`
--
ALTER TABLE `m_agama`
  ADD PRIMARY KEY (`id_agama`);

--
-- Indexes for table `m_hari`
--
ALTER TABLE `m_hari`
  ADD PRIMARY KEY (`id_hari`);

--
-- Indexes for table `m_jabatan`
--
ALTER TABLE `m_jabatan`
  ADD PRIMARY KEY (`id_jabatan`),
  ADD KEY `fk_m_jabatan_m_ruangan1_idx` (`id_ruangan_kerja`);

--
-- Indexes for table `m_jenjang_pendidikan`
--
ALTER TABLE `m_jenjang_pendidikan`
  ADD PRIMARY KEY (`id_jenjang_pendidikan`);

--
-- Indexes for table `m_kelas`
--
ALTER TABLE `m_kelas`
  ADD PRIMARY KEY (`id_kelas`);

--
-- Indexes for table `m_pangkat_akademik`
--
ALTER TABLE `m_pangkat_akademik`
  ADD PRIMARY KEY (`id_pangkat_akademik`);

--
-- Indexes for table `m_pertemuan`
--
ALTER TABLE `m_pertemuan`
  ADD PRIMARY KEY (`id_pertemuan`);

--
-- Indexes for table `m_ruangan`
--
ALTER TABLE `m_ruangan`
  ADD PRIMARY KEY (`id_ruangan`);

--
-- Indexes for table `m_semester`
--
ALTER TABLE `m_semester`
  ADD PRIMARY KEY (`id_semester`);

--
-- Indexes for table `m_status_kekeluargaan`
--
ALTER TABLE `m_status_kekeluargaan`
  ADD PRIMARY KEY (`id_status_kekeluargaan`);

--
-- Indexes for table `t_absensi`
--
ALTER TABLE `t_absensi`
  ADD KEY `fk_t_absensi_t_mahasiswa_idx1` (`nim`),
  ADD KEY `fk_t_absensi_t_materi_perkuliahan1_idx` (`id_materi_perkuliahan`);

--
-- Indexes for table `t_absen_kelas`
--
ALTER TABLE `t_absen_kelas`
  ADD KEY `fk_t_absen_kelas_t_mahasiswa_idx` (`nim`);

--
-- Indexes for table `t_abstrak`
--
ALTER TABLE `t_abstrak`
  ADD PRIMARY KEY (`id_abstrak`);

--
-- Indexes for table `t_admin_prodi`
--
ALTER TABLE `t_admin_prodi`
  ADD UNIQUE KEY `nik` (`nik`),
  ADD KEY `nik_2` (`nik`),
  ADD KEY `id_prodi` (`id_prodi`);

--
-- Indexes for table `t_akreditas_prodi`
--
ALTER TABLE `t_akreditas_prodi`
  ADD PRIMARY KEY (`kd_akreditas_prodi`);

--
-- Indexes for table `t_asal_sekolah`
--
ALTER TABLE `t_asal_sekolah`
  ADD KEY `fk_t_asal_sekolah_t_biodata1_idx` (`nik`);

--
-- Indexes for table `t_aspek_penilaian`
--
ALTER TABLE `t_aspek_penilaian`
  ADD PRIMARY KEY (`id_aspek_penilaian`);

--
-- Indexes for table `t_bimbingan`
--
ALTER TABLE `t_bimbingan`
  ADD KEY `kd_upload` (`kd_upload`);

--
-- Indexes for table `t_biodata`
--
ALTER TABLE `t_biodata`
  ADD PRIMARY KEY (`nik`),
  ADD KEY `fk_t_biodata_t_kartu_keluarga1_idx` (`no_kartu_keluarga`),
  ADD KEY `fk_t_biodata_m_agama_idx_1` (`id_agama`);

--
-- Indexes for table `t_biodata_karyawan`
--
ALTER TABLE `t_biodata_karyawan`
  ADD PRIMARY KEY (`nik`),
  ADD UNIQUE KEY `email_UNIQUE` (`email`),
  ADD KEY `id_agama` (`id_agama`);

--
-- Indexes for table `t_bobot_nilai`
--
ALTER TABLE `t_bobot_nilai`
  ADD PRIMARY KEY (`id_bobot_nilai`),
  ADD KEY `fk_t_bobot_nilai_t_skala_penilaian1_idx` (`id_skala_penilaian`);

--
-- Indexes for table `t_dosen`
--
ALTER TABLE `t_dosen`
  ADD PRIMARY KEY (`kd_dosen`),
  ADD UNIQUE KEY `nik_UNIQUE` (`nik`),
  ADD UNIQUE KEY `nidn_UNIQUE` (`nidn`),
  ADD KEY `fk_t_dosen_t_biodata_dosen1_idx` (`nik`),
  ADD KEY `fk_t_dosen_t_prodi_1_idx` (`id_prodi`);

--
-- Indexes for table `t_dosen_pa_1`
--
ALTER TABLE `t_dosen_pa_1`
  ADD KEY `kd_dosen` (`kd_dosen`);

--
-- Indexes for table `t_dosen_pengampu`
--
ALTER TABLE `t_dosen_pengampu`
  ADD PRIMARY KEY (`kd_dosen_pengampu`),
  ADD KEY `fk_t_dosen_pengampu_t_dosen_1_idx` (`kd_dosen`),
  ADD KEY `fk_t_dosen_pengampu_t_mata_kuliah_2_idx` (`kd_mata_kuliah`),
  ADD KEY `fk_t_dosen_pengampu_m_kelas_3_idx` (`id_kelas`),
  ADD KEY `fk_t_dosen_pengampu_t_periode_perkuliahan_` (`id_periode_perkuliahan`);

--
-- Indexes for table `t_gelombang_pendaftaran`
--
ALTER TABLE `t_gelombang_pendaftaran`
  ADD PRIMARY KEY (`id_gelombang_pendaftaran`),
  ADD KEY `fk_t_gelombang_pendaftaran_1_idx` (`id_tahun_ajaran`);

--
-- Indexes for table `t_hak_akses`
--
ALTER TABLE `t_hak_akses`
  ADD KEY `fk_t_hak_akses_t_url1_idx` (`id_url`),
  ADD KEY `fk_t_hak_akses_t_level1_idx` (`id_level`),
  ADD KEY `fk_t_hak_akses_t_privilege1_idx` (`id_privilege`);

--
-- Indexes for table `t_head_menu`
--
ALTER TABLE `t_head_menu`
  ADD PRIMARY KEY (`id_head_menu`),
  ADD UNIQUE KEY `head_menu_UNIQUE` (`caption`);

--
-- Indexes for table `t_histori_jabatan`
--
ALTER TABLE `t_histori_jabatan`
  ADD KEY `fk_t_jabatan_dosen_m_jabatan1_idx` (`id_jabatan`),
  ADD KEY `fk_t_histori_jabatan_dosen_t_biodata_karyawan1_idx` (`nik`);

--
-- Indexes for table `t_histori_pendidikan`
--
ALTER TABLE `t_histori_pendidikan`
  ADD PRIMARY KEY (`no_izajah`),
  ADD KEY `fk_t_histori_pendidikan_t_dosen1_idx` (`kd_dosen`),
  ADD KEY `fk_t_histori_pendidikan_t_jenjang_pendidikan1_idx` (`id_jenjang_pendidikan`);

--
-- Indexes for table `t_histori_penelitian`
--
ALTER TABLE `t_histori_penelitian`
  ADD KEY `fk_t_histori_penelitian_t_dosen1_idx` (`kd_dosen`),
  ADD KEY `fk_t_histori_penelitian_t_penelitian_dosen1_idx` (`kd_penelitian_dosen`);

--
-- Indexes for table `t_item_kontrak_perkuliahan`
--
ALTER TABLE `t_item_kontrak_perkuliahan`
  ADD PRIMARY KEY (`id_item_kontrak_perkuliahan`),
  ADD UNIQUE KEY `item_kontrak_perkuliahan_UNIQUE` (`item_kontrak_perkuliahan`);

--
-- Indexes for table `t_jadwal_perkuliahan`
--
ALTER TABLE `t_jadwal_perkuliahan`
  ADD PRIMARY KEY (`kd_jadwal_perkuliahan`),
  ADD KEY `fk_t_jadwal_perkuliahan_m_hari_1_idx` (`id_hari`),
  ADD KEY `fk_t_jadwal_perkuliahan_t_shift_perkuliahan1_idx` (`id_shift_perkuliahan_awal`),
  ADD KEY `fk_t_jadwal_perkuliahan_m_ruangan_2_idx` (`id_ruangan`),
  ADD KEY `fk_t_jadwal_perkuliahan_t_dosen_pengampu1_idx` (`kd_dosen_pengampu`),
  ADD KEY `fk_t_jadwal_perkuliahan_t_shift_kuliah_3_idx` (`id_shift_perkuliahan_akhir`),
  ADD KEY `id_prodi` (`id_prodi`);

--
-- Indexes for table `t_kartu_keluarga`
--
ALTER TABLE `t_kartu_keluarga`
  ADD PRIMARY KEY (`no_kartu_keluarga`),
  ADD KEY `fk_t_kartu_keluarga_t_orang_tua1_idx` (`nik`),
  ADD KEY `fk_t_kartu_keluarga_t_status_kekeluargaan1_idx` (`id_status_kekeluargaan`);

--
-- Indexes for table `t_kat_nilai`
--
ALTER TABLE `t_kat_nilai`
  ADD PRIMARY KEY (`id_kat_nilai`);

--
-- Indexes for table `t_kelas_perkuliahan`
--
ALTER TABLE `t_kelas_perkuliahan`
  ADD KEY `fk_t_kelas_perkuliahan_t_mahasiswa1_idx` (`nim`),
  ADD KEY `fk_t_kelas_perkuliahan_m_kelas1_idx` (`id_kelas`),
  ADD KEY `fk_t_kelas_perkuliahan_t_periode_perkuliahan1_idx` (`id_periode_perkuliahan`);

--
-- Indexes for table `t_keluhan`
--
ALTER TABLE `t_keluhan`
  ADD KEY `t_keluhan_mhs` (`nim`),
  ADD KEY `t_keluhan_jadwal` (`kd_jadwal_perkuliahan`);

--
-- Indexes for table `t_kis`
--
ALTER TABLE `t_kis`
  ADD KEY `fk_t_kis_t_biodata1_idx` (`nik`);

--
-- Indexes for table `t_kontrak_kuliah`
--
ALTER TABLE `t_kontrak_kuliah`
  ADD PRIMARY KEY (`kd_kontrak_kuliah`),
  ADD KEY `fk_t_kontrak_kuliah_t_dosen_pengampu_1_idx` (`kd_dosen_pengampu`),
  ADD KEY `fk_t_kontrak_kuliah_t_item_kontrak_perkuliahan1_idx` (`id_item_kontrak_perkuliahan`),
  ADD KEY `fk_t_kontrak_kuliah_t_kat_nilai1_idx` (`id_kat_nilai`);

--
-- Indexes for table `t_krs`
--
ALTER TABLE `t_krs`
  ADD KEY `fk_t_krs_t_verifikasi_krs_t_paket_perkuliahan` (`id_paket_perkuliahan`),
  ADD KEY `fk_t_krs_t_verifikasi_krs_t_mahasiswa` (`nim`),
  ADD KEY `fk_t_krs_t_verifikasi_krs_1_idx` (`id_verifikasi_krs`);

--
-- Indexes for table `t_kuisioner`
--
ALTER TABLE `t_kuisioner`
  ADD PRIMARY KEY (`id_kuisioner`),
  ADD KEY `fk_t_kuisioner_t_aspek_penilaian1_idx` (`id_aspek_penilaian`);

--
-- Indexes for table `t_kurikulum`
--
ALTER TABLE `t_kurikulum`
  ADD PRIMARY KEY (`id_kurikulum`);

--
-- Indexes for table `t_level`
--
ALTER TABLE `t_level`
  ADD PRIMARY KEY (`id_level`);

--
-- Indexes for table `t_list_perkuliahan`
--
ALTER TABLE `t_list_perkuliahan`
  ADD KEY `id_semester` (`id_semester`),
  ADD KEY `kd_mata_kuliah` (`kd_mata_kuliah`),
  ADD KEY `id_kurikulum` (`id_kurikulum`),
  ADD KEY `id_paket_perkuliahan` (`id_paket_perkuliahan`);

--
-- Indexes for table `t_mahasiswa`
--
ALTER TABLE `t_mahasiswa`
  ADD PRIMARY KEY (`nim`),
  ADD KEY `fk_t_mahasiswa_t_biodata_idx` (`nik`),
  ADD KEY `fk_t_mahasiswa_t_status_mahasiswa1_idx` (`id_status_mahasiswa`),
  ADD KEY `fk_t_mahasiswa_t_prodi_idx` (`id_prodi`),
  ADD KEY `fk_t_mahasiswa_t_dosen_idx` (`kd_dosen_pa`);

--
-- Indexes for table `t_mata_kuliah`
--
ALTER TABLE `t_mata_kuliah`
  ADD PRIMARY KEY (`kd_mata_kuliah`);

--
-- Indexes for table `t_materi_perkuliahan`
--
ALTER TABLE `t_materi_perkuliahan`
  ADD PRIMARY KEY (`id_materi_perkuliahan`),
  ADD KEY `index2` (`kd_jadwal_perkuliahan`),
  ADD KEY `index3` (`kd_rps`);

--
-- Indexes for table `t_nilai`
--
ALTER TABLE `t_nilai`
  ADD KEY `t_nilai_t_kontrak_kuliah_t_mahasiswa_idx` (`nim`),
  ADD KEY `t_nilai_t_kontrak_kuliah1_idx` (`kd_kontrak_kuliah`);

--
-- Indexes for table `t_nilai_alumni`
--
ALTER TABLE `t_nilai_alumni`
  ADD KEY `idx_t_nilai_alumni_t_kontrak_kuliah_t_mahasiswa` (`nim`),
  ADD KEY `fk_t_nilai_alumni_t_kontrak_kuliah1_idx` (`kd_kontrak_kuliah`);

--
-- Indexes for table `t_orang_tua`
--
ALTER TABLE `t_orang_tua`
  ADD PRIMARY KEY (`nik`),
  ADD KEY `fk_t_orang_tua_t_pekerjaan1_idx` (`id_pekerjaan`),
  ADD KEY `fk_t_orang_tua_m_jenjang_pendidikan_idx1` (`id_pendidikan_terakhir`);

--
-- Indexes for table `t_paket_perkuliahan`
--
ALTER TABLE `t_paket_perkuliahan`
  ADD PRIMARY KEY (`id_paket_perkuliahan`),
  ADD KEY `id_prodi` (`id_prodi`);

--
-- Indexes for table `t_pa_pil_siswa`
--
ALTER TABLE `t_pa_pil_siswa`
  ADD PRIMARY KEY (`kd_pil_pa_siswa`),
  ADD KEY `nim` (`nim`),
  ADD KEY `kd_dosen` (`kd_dosen`),
  ADD KEY `id_periode` (`id_periode`);

--
-- Indexes for table `t_pekerjaan`
--
ALTER TABLE `t_pekerjaan`
  ADD PRIMARY KEY (`id_pekerjaan`);

--
-- Indexes for table `t_pendaftaran`
--
ALTER TABLE `t_pendaftaran`
  ADD PRIMARY KEY (`id_pendaftaran`),
  ADD KEY `fk_t_pendaftaran_t_biodata1_idx` (`nik`),
  ADD KEY `fk_t_pendaftaran_t_gelombang_pendaftaran1_idx` (`id_gelombang_pendaftaran`);

--
-- Indexes for table `t_penelitian_dosen`
--
ALTER TABLE `t_penelitian_dosen`
  ADD PRIMARY KEY (`kd_penelitian_dosen`);

--
-- Indexes for table `t_periode_perkuliahan`
--
ALTER TABLE `t_periode_perkuliahan`
  ADD PRIMARY KEY (`id_periode_perkuliahan`),
  ADD KEY `fk_t_periode_perkuliahan_t_tahun_ajaran1_idx` (`id_tahun_ajaran`),
  ADD KEY `fk_t_periode_perkuliahan_m_semester1_idx` (`id_semester`);

--
-- Indexes for table `t_pilihan_prodi`
--
ALTER TABLE `t_pilihan_prodi`
  ADD KEY `fk_t_pilihan_prodi_t_pendaftaran1_idx` (`id_pendaftaran`),
  ADD KEY `index2` (`id_prodi`);

--
-- Indexes for table `t_privilege`
--
ALTER TABLE `t_privilege`
  ADD PRIMARY KEY (`id_privilege`);

--
-- Indexes for table `t_prodi`
--
ALTER TABLE `t_prodi`
  ADD PRIMARY KEY (`id_prodi`),
  ADD KEY `fk_t_prodi_t_akreditas_prodi1_idx` (`kd_akreditas_prodi`);

--
-- Indexes for table `t_proposal_pa`
--
ALTER TABLE `t_proposal_pa`
  ADD KEY `kd_pil_pa_siswa` (`kd_pil_pa_siswa`),
  ADD KEY `id_abstrak` (`id_abstrak`);

--
-- Indexes for table `t_rekomendasi_pa`
--
ALTER TABLE `t_rekomendasi_pa`
  ADD PRIMARY KEY (`id_rekomendasi_pa`),
  ADD KEY `kd_dosen_rekomendas` (`kd_dosen_rekomendas`),
  ADD KEY `kd_pil_pa_siswa` (`kd_pil_pa_siswa`);

--
-- Indexes for table `t_respondensi_kd`
--
ALTER TABLE `t_respondensi_kd`
  ADD KEY `index1` (`kd_dosen_pengampu`),
  ADD KEY `fk_t_respondensi_kd_t_kuisioner1_idx` (`id_kuisioner`),
  ADD KEY `fk_t_respondensi_kd_t_bobot_nilai1_idx` (`id_bobot_nilai`);

--
-- Indexes for table `t_rps`
--
ALTER TABLE `t_rps`
  ADD PRIMARY KEY (`kd_rps`),
  ADD KEY `fk_t_rps_1_idx` (`kd_mata_kuliah`),
  ADD KEY `index2` (`id_pertemuan`);

--
-- Indexes for table `t_shift_perkuliahan`
--
ALTER TABLE `t_shift_perkuliahan`
  ADD PRIMARY KEY (`id_shift_perkuliahan`),
  ADD KEY `fk_t_shift_perkuliahan_t_periode_kuliah_1_idx` (`id_periode_perkuliahan`);

--
-- Indexes for table `t_skala_penilaian`
--
ALTER TABLE `t_skala_penilaian`
  ADD PRIMARY KEY (`id_skala_penilaian`);

--
-- Indexes for table `t_sk_kepanitiaan`
--
ALTER TABLE `t_sk_kepanitiaan`
  ADD KEY `fk_t_sk_kepanitiaan_t_biodata_karyawan1_idx` (`nik`);

--
-- Indexes for table `t_sk_pangkat_akademik`
--
ALTER TABLE `t_sk_pangkat_akademik`
  ADD PRIMARY KEY (`no_sk_pangkat_akademik`),
  ADD KEY `fk_t_sk_pangkat_akademik_t_pangkat_akademik1_idx` (`id_pangkat_akademik`),
  ADD KEY `fk_t_sk_pangkat_akademik_t_dosen1_idx` (`kd_dosen`);

--
-- Indexes for table `t_sk_pengabdian`
--
ALTER TABLE `t_sk_pengabdian`
  ADD KEY `fk_t_sk_pengabdian_t_dosen1_idx` (`kd_dosen`);

--
-- Indexes for table `t_sk_yayasan`
--
ALTER TABLE `t_sk_yayasan`
  ADD KEY `fk_t_sk_yayasan_t_biodata_karyawan1_idx` (`nik`);

--
-- Indexes for table `t_spesial_hak_akses`
--
ALTER TABLE `t_spesial_hak_akses`
  ADD KEY `fk_t_spesial_hak_akses_t_user1_idx` (`kd_user`),
  ADD KEY `fk_t_spesial_hak_akses_t_url1_idx` (`id_url`),
  ADD KEY `fk_t_spesial_hak_akses_t_privilege1_idx` (`id_privilege`),
  ADD KEY `kd_user` (`kd_user`);

--
-- Indexes for table `t_status_mahasiswa`
--
ALTER TABLE `t_status_mahasiswa`
  ADD PRIMARY KEY (`id_status_mahasiswa`);

--
-- Indexes for table `t_tahun_ajaran`
--
ALTER TABLE `t_tahun_ajaran`
  ADD PRIMARY KEY (`id_tahun_ajaran`);

--
-- Indexes for table `t_upload_bimbingan`
--
ALTER TABLE `t_upload_bimbingan`
  ADD PRIMARY KEY (`kd_upload`),
  ADD KEY `kd_pil_pa_siswa` (`kd_pil_pa_siswa`);

--
-- Indexes for table `t_url`
--
ALTER TABLE `t_url`
  ADD PRIMARY KEY (`id_url`),
  ADD KEY `fk_t_url_t_head_menu1_idx` (`id_head_menu`);

--
-- Indexes for table `t_user`
--
ALTER TABLE `t_user`
  ADD KEY `kd_user` (`kd_user`);

--
-- Indexes for table `t_verifikasi_krs`
--
ALTER TABLE `t_verifikasi_krs`
  ADD PRIMARY KEY (`id_verifikasi_krs`);

--
-- AUTO_INCREMENT for dumped tables
--

--
-- AUTO_INCREMENT for table `t_abstrak`
--
ALTER TABLE `t_abstrak`
  MODIFY `id_abstrak` int(11) NOT NULL AUTO_INCREMENT, AUTO_INCREMENT=3;
--
-- Constraints for dumped tables
--

--
-- Constraints for table `m_jabatan`
--
ALTER TABLE `m_jabatan`
  ADD CONSTRAINT `fk_m_jabatan_m_ruangan1` FOREIGN KEY (`id_ruangan_kerja`) REFERENCES `m_ruangan` (`id_ruangan`) ON UPDATE CASCADE;

--
-- Constraints for table `t_absensi`
--
ALTER TABLE `t_absensi`
  ADD CONSTRAINT `fk_t_absensi_t_mahasiswa_1` FOREIGN KEY (`nim`) REFERENCES `t_mahasiswa` (`nim`) ON UPDATE CASCADE,
  ADD CONSTRAINT `fk_t_absensi_t_materi_perkuliahan1` FOREIGN KEY (`id_materi_perkuliahan`) REFERENCES `t_materi_perkuliahan` (`id_materi_perkuliahan`) ON UPDATE CASCADE;

--
-- Constraints for table `t_absen_kelas`
--
ALTER TABLE `t_absen_kelas`
  ADD CONSTRAINT `fk_t_absen_kelas_t_mahasiswa_3` FOREIGN KEY (`nim`) REFERENCES `t_mahasiswa` (`nim`) ON UPDATE CASCADE;

--
-- Constraints for table `t_admin_prodi`
--
ALTER TABLE `t_admin_prodi`
  ADD CONSTRAINT `fk_id_prodi` FOREIGN KEY (`id_prodi`) REFERENCES `t_prodi` (`id_prodi`) ON UPDATE CASCADE,
  ADD CONSTRAINT `fk_nik` FOREIGN KEY (`nik`) REFERENCES `t_biodata_karyawan` (`nik`) ON UPDATE CASCADE;

--
-- Constraints for table `t_asal_sekolah`
--
ALTER TABLE `t_asal_sekolah`
  ADD CONSTRAINT `fk_t_asal_sekolah_t_biodata1` FOREIGN KEY (`nik`) REFERENCES `t_biodata` (`nik`) ON UPDATE CASCADE;

--
-- Constraints for table `t_bimbingan`
--
ALTER TABLE `t_bimbingan`
  ADD CONSTRAINT `fk_upload` FOREIGN KEY (`kd_upload`) REFERENCES `t_upload_bimbingan` (`kd_upload`) ON UPDATE CASCADE;

--
-- Constraints for table `t_biodata`
--
ALTER TABLE `t_biodata`
  ADD CONSTRAINT `fk_t_biodata_m_agama1` FOREIGN KEY (`id_agama`) REFERENCES `m_agama` (`id_agama`) ON UPDATE CASCADE,
  ADD CONSTRAINT `fk_t_biodata_t_kartu_keluarga1` FOREIGN KEY (`no_kartu_keluarga`) REFERENCES `t_kartu_keluarga` (`no_kartu_keluarga`) ON UPDATE CASCADE;

--
-- Constraints for table `t_biodata_karyawan`
--
ALTER TABLE `t_biodata_karyawan`
  ADD CONSTRAINT `fk_biodata_kar_agama` FOREIGN KEY (`id_agama`) REFERENCES `m_agama` (`id_agama`) ON UPDATE CASCADE;

--
-- Constraints for table `t_bobot_nilai`
--
ALTER TABLE `t_bobot_nilai`
  ADD CONSTRAINT `fk_t_bobot_nilai_t_skala_penilaian1` FOREIGN KEY (`id_skala_penilaian`) REFERENCES `t_skala_penilaian` (`id_skala_penilaian`) ON DELETE NO ACTION ON UPDATE NO ACTION;

--
-- Constraints for table `t_dosen`
--
ALTER TABLE `t_dosen`
  ADD CONSTRAINT `fk_t_dosen_t_biodata_dosen1` FOREIGN KEY (`nik`) REFERENCES `t_biodata_karyawan` (`nik`) ON UPDATE CASCADE,
  ADD CONSTRAINT `fk_t_dosen_t_prodi_1` FOREIGN KEY (`id_prodi`) REFERENCES `t_prodi` (`id_prodi`) ON UPDATE CASCADE;

--
-- Constraints for table `t_dosen_pa_1`
--
ALTER TABLE `t_dosen_pa_1`
  ADD CONSTRAINT `fk_kddosen` FOREIGN KEY (`kd_dosen`) REFERENCES `t_dosen` (`kd_dosen`) ON UPDATE CASCADE;

--
-- Constraints for table `t_dosen_pengampu`
--
ALTER TABLE `t_dosen_pengampu`
  ADD CONSTRAINT `fk_t_dosen_pengampu_m_kelas_3` FOREIGN KEY (`id_kelas`) REFERENCES `m_kelas` (`id_kelas`) ON UPDATE CASCADE,
  ADD CONSTRAINT `fk_t_dosen_pengampu_t_dosen_1` FOREIGN KEY (`kd_dosen`) REFERENCES `t_dosen` (`kd_dosen`) ON UPDATE CASCADE,
  ADD CONSTRAINT `fk_t_dosen_pengampu_t_mata_kuliah_2` FOREIGN KEY (`kd_mata_kuliah`) REFERENCES `t_mata_kuliah` (`kd_mata_kuliah`) ON UPDATE CASCADE,
  ADD CONSTRAINT `fk_t_dosen_pengampu_t_periode_perkuliahan_4` FOREIGN KEY (`id_periode_perkuliahan`) REFERENCES `t_periode_perkuliahan` (`id_periode_perkuliahan`) ON UPDATE CASCADE;

--
-- Constraints for table `t_gelombang_pendaftaran`
--
ALTER TABLE `t_gelombang_pendaftaran`
  ADD CONSTRAINT `fk_t_gelombang_pendaftaran_1` FOREIGN KEY (`id_tahun_ajaran`) REFERENCES `t_tahun_ajaran` (`id_tahun_ajaran`) ON UPDATE CASCADE;

--
-- Constraints for table `t_hak_akses`
--
ALTER TABLE `t_hak_akses`
  ADD CONSTRAINT `fk_t_hak_akses_t_level1` FOREIGN KEY (`id_level`) REFERENCES `t_level` (`id_level`) ON UPDATE CASCADE,
  ADD CONSTRAINT `fk_t_hak_akses_t_privilege1` FOREIGN KEY (`id_privilege`) REFERENCES `t_privilege` (`id_privilege`) ON UPDATE CASCADE,
  ADD CONSTRAINT `fk_t_hak_akses_t_url1` FOREIGN KEY (`id_url`) REFERENCES `t_url` (`id_url`) ON UPDATE CASCADE;

--
-- Constraints for table `t_histori_jabatan`
--
ALTER TABLE `t_histori_jabatan`
  ADD CONSTRAINT `fk_t_histori_jabatan_dosen_m_jabatan1` FOREIGN KEY (`id_jabatan`) REFERENCES `m_jabatan` (`id_jabatan`) ON UPDATE CASCADE,
  ADD CONSTRAINT `fk_t_histori_jabatan_dosen_t_biodata_karyawan1` FOREIGN KEY (`nik`) REFERENCES `t_biodata_karyawan` (`nik`) ON DELETE NO ACTION ON UPDATE NO ACTION;

--
-- Constraints for table `t_histori_pendidikan`
--
ALTER TABLE `t_histori_pendidikan`
  ADD CONSTRAINT `fk_t_histori_pendidikan_t_dosen1` FOREIGN KEY (`kd_dosen`) REFERENCES `t_dosen` (`kd_dosen`) ON UPDATE CASCADE,
  ADD CONSTRAINT `fk_t_histori_pendidikan_t_jenjang_pendidikan1` FOREIGN KEY (`id_jenjang_pendidikan`) REFERENCES `m_jenjang_pendidikan` (`id_jenjang_pendidikan`) ON UPDATE CASCADE;

--
-- Constraints for table `t_histori_penelitian`
--
ALTER TABLE `t_histori_penelitian`
  ADD CONSTRAINT `fk_t_histori_penelitian_t_dosen1` FOREIGN KEY (`kd_dosen`) REFERENCES `t_dosen` (`kd_dosen`) ON UPDATE CASCADE,
  ADD CONSTRAINT `fk_t_histori_penelitian_t_penelitian_dosen1` FOREIGN KEY (`kd_penelitian_dosen`) REFERENCES `t_penelitian_dosen` (`kd_penelitian_dosen`) ON UPDATE CASCADE;

--
-- Constraints for table `t_jadwal_perkuliahan`
--
ALTER TABLE `t_jadwal_perkuliahan`
  ADD CONSTRAINT `fk_t_jadwal_perkuliahan_m_hari_1` FOREIGN KEY (`id_hari`) REFERENCES `m_hari` (`id_hari`) ON UPDATE CASCADE,
  ADD CONSTRAINT `fk_t_jadwal_perkuliahan_m_ruangan_2` FOREIGN KEY (`id_ruangan`) REFERENCES `m_ruangan` (`id_ruangan`) ON UPDATE CASCADE,
  ADD CONSTRAINT `fk_t_jadwal_perkuliahan_t_dosen_pengampu1` FOREIGN KEY (`kd_dosen_pengampu`) REFERENCES `t_dosen_pengampu` (`kd_dosen_pengampu`) ON UPDATE CASCADE,
  ADD CONSTRAINT `fk_t_jadwal_perkuliahan_t_shift_kuliah_3` FOREIGN KEY (`id_shift_perkuliahan_akhir`) REFERENCES `t_shift_perkuliahan` (`id_shift_perkuliahan`) ON UPDATE CASCADE,
  ADD CONSTRAINT `fk_t_jadwal_perkuliahan_t_shift_perkuliahan1` FOREIGN KEY (`id_shift_perkuliahan_awal`) REFERENCES `t_shift_perkuliahan` (`id_shift_perkuliahan`) ON UPDATE CASCADE,
  ADD CONSTRAINT `fk_t_kadwal_perkuliahan_t_prodi` FOREIGN KEY (`id_prodi`) REFERENCES `t_prodi` (`id_prodi`) ON UPDATE CASCADE;

--
-- Constraints for table `t_kartu_keluarga`
--
ALTER TABLE `t_kartu_keluarga`
  ADD CONSTRAINT `fk_t_kartu_keluarga_t_orang_tua1` FOREIGN KEY (`nik`) REFERENCES `t_orang_tua` (`nik`) ON UPDATE CASCADE,
  ADD CONSTRAINT `fk_t_kartu_keluarga_t_status_kekeluargaan1` FOREIGN KEY (`id_status_kekeluargaan`) REFERENCES `m_status_kekeluargaan` (`id_status_kekeluargaan`) ON UPDATE CASCADE;

--
-- Constraints for table `t_kelas_perkuliahan`
--
ALTER TABLE `t_kelas_perkuliahan`
  ADD CONSTRAINT `fk_t_kelas_perkuliahan_m_kelas1` FOREIGN KEY (`id_kelas`) REFERENCES `m_kelas` (`id_kelas`) ON UPDATE CASCADE,
  ADD CONSTRAINT `fk_t_kelas_perkuliahan_t_mahasiswa1` FOREIGN KEY (`nim`) REFERENCES `t_mahasiswa` (`nim`) ON DELETE NO ACTION ON UPDATE NO ACTION,
  ADD CONSTRAINT `fk_t_kelas_perkuliahan_t_periode_perkuliahan1` FOREIGN KEY (`id_periode_perkuliahan`) REFERENCES `t_periode_perkuliahan` (`id_periode_perkuliahan`) ON UPDATE CASCADE;

--
-- Constraints for table `t_keluhan`
--
ALTER TABLE `t_keluhan`
  ADD CONSTRAINT `t_keluhan_jadwal` FOREIGN KEY (`kd_jadwal_perkuliahan`) REFERENCES `t_jadwal_perkuliahan` (`kd_jadwal_perkuliahan`) ON UPDATE CASCADE,
  ADD CONSTRAINT `t_keluhan_mhs` FOREIGN KEY (`nim`) REFERENCES `t_mahasiswa` (`nim`) ON UPDATE CASCADE;

--
-- Constraints for table `t_kis`
--
ALTER TABLE `t_kis`
  ADD CONSTRAINT `fk_t_kis_t_biodata1` FOREIGN KEY (`nik`) REFERENCES `t_biodata` (`nik`) ON DELETE NO ACTION ON UPDATE NO ACTION;

--
-- Constraints for table `t_kontrak_kuliah`
--
ALTER TABLE `t_kontrak_kuliah`
  ADD CONSTRAINT `fk_t_kontrak_kuliah_t_dosen_pengampu_1` FOREIGN KEY (`kd_dosen_pengampu`) REFERENCES `t_dosen_pengampu` (`kd_dosen_pengampu`) ON UPDATE CASCADE,
  ADD CONSTRAINT `fk_t_kontrak_kuliah_t_item_kontrak_perkuliahan1` FOREIGN KEY (`id_item_kontrak_perkuliahan`) REFERENCES `t_item_kontrak_perkuliahan` (`id_item_kontrak_perkuliahan`) ON DELETE NO ACTION ON UPDATE NO ACTION,
  ADD CONSTRAINT `fk_t_kontrak_kuliah_t_kat_nilai1` FOREIGN KEY (`id_kat_nilai`) REFERENCES `t_kat_nilai` (`id_kat_nilai`) ON DELETE NO ACTION ON UPDATE NO ACTION;

--
-- Constraints for table `t_krs`
--
ALTER TABLE `t_krs`
  ADD CONSTRAINT `fk_id_paket_perkuliahan_krs` FOREIGN KEY (`id_paket_perkuliahan`) REFERENCES `t_paket_perkuliahan` (`id_paket_perkuliahan`) ON UPDATE CASCADE,
  ADD CONSTRAINT `fk_t_krs_t_mahasiswa_2` FOREIGN KEY (`nim`) REFERENCES `t_mahasiswa` (`nim`) ON UPDATE CASCADE,
  ADD CONSTRAINT `fk_t_krs_t_verifikasi_krs1` FOREIGN KEY (`id_verifikasi_krs`) REFERENCES `t_verifikasi_krs` (`id_verifikasi_krs`) ON UPDATE CASCADE;

--
-- Constraints for table `t_kuisioner`
--
ALTER TABLE `t_kuisioner`
  ADD CONSTRAINT `fk_t_kuisioner_t_aspek_penilaian1` FOREIGN KEY (`id_aspek_penilaian`) REFERENCES `t_aspek_penilaian` (`id_aspek_penilaian`) ON UPDATE CASCADE;

--
-- Constraints for table `t_list_perkuliahan`
--
ALTER TABLE `t_list_perkuliahan`
  ADD CONSTRAINT `fk_id_kurikulum` FOREIGN KEY (`id_kurikulum`) REFERENCES `t_kurikulum` (`id_kurikulum`),
  ADD CONSTRAINT `fk_id_paket_perkuliahan` FOREIGN KEY (`id_paket_perkuliahan`) REFERENCES `t_paket_perkuliahan` (`id_paket_perkuliahan`),
  ADD CONSTRAINT `fk_id_semester` FOREIGN KEY (`id_semester`) REFERENCES `m_semester` (`id_semester`),
  ADD CONSTRAINT `fk_kd_mata_kuliah` FOREIGN KEY (`kd_mata_kuliah`) REFERENCES `t_mata_kuliah` (`kd_mata_kuliah`);

--
-- Constraints for table `t_mahasiswa`
--
ALTER TABLE `t_mahasiswa`
  ADD CONSTRAINT `fk_t_mahasiswa_t_biodata` FOREIGN KEY (`nik`) REFERENCES `t_biodata` (`nik`) ON UPDATE CASCADE,
  ADD CONSTRAINT `fk_t_mahasiswa_t_dosen_2` FOREIGN KEY (`kd_dosen_pa`) REFERENCES `t_dosen` (`kd_dosen`) ON UPDATE CASCADE,
  ADD CONSTRAINT `fk_t_mahasiswa_t_prodi_1` FOREIGN KEY (`id_prodi`) REFERENCES `t_prodi` (`id_prodi`) ON UPDATE CASCADE,
  ADD CONSTRAINT `fk_t_mahasiswa_t_status_mahasiswa1` FOREIGN KEY (`id_status_mahasiswa`) REFERENCES `t_status_mahasiswa` (`id_status_mahasiswa`) ON UPDATE CASCADE;

--
-- Constraints for table `t_materi_perkuliahan`
--
ALTER TABLE `t_materi_perkuliahan`
  ADD CONSTRAINT `fk_t_materi_perkuliahan_1` FOREIGN KEY (`kd_jadwal_perkuliahan`) REFERENCES `t_jadwal_perkuliahan` (`kd_jadwal_perkuliahan`) ON UPDATE CASCADE,
  ADD CONSTRAINT `fk_t_materi_perkuliahan_2` FOREIGN KEY (`kd_rps`) REFERENCES `t_rps` (`kd_rps`) ON UPDATE CASCADE;

--
-- Constraints for table `t_nilai`
--
ALTER TABLE `t_nilai`
  ADD CONSTRAINT `fk_t_nilai_t_kontrak_kuliah_1` FOREIGN KEY (`kd_kontrak_kuliah`) REFERENCES `t_kontrak_kuliah` (`kd_kontrak_kuliah`) ON UPDATE CASCADE,
  ADD CONSTRAINT `fk_t_nilai_t_mahasiswa_2` FOREIGN KEY (`nim`) REFERENCES `t_mahasiswa` (`nim`) ON UPDATE CASCADE;

--
-- Constraints for table `t_nilai_alumni`
--
ALTER TABLE `t_nilai_alumni`
  ADD CONSTRAINT `fk_t_nilai_alumni_periodik_t_mahasiswa2` FOREIGN KEY (`nim`) REFERENCES `t_mahasiswa` (`nim`) ON UPDATE CASCADE,
  ADD CONSTRAINT `fk_t_nilai_alumni_t_kontrak_kuliah1` FOREIGN KEY (`kd_kontrak_kuliah`) REFERENCES `t_kontrak_kuliah` (`kd_kontrak_kuliah`) ON UPDATE CASCADE;

--
-- Constraints for table `t_orang_tua`
--
ALTER TABLE `t_orang_tua`
  ADD CONSTRAINT `fk_t_orang_tua_m_jenjang_pendidikan1` FOREIGN KEY (`id_pendidikan_terakhir`) REFERENCES `m_jenjang_pendidikan` (`id_jenjang_pendidikan`) ON UPDATE CASCADE,
  ADD CONSTRAINT `fk_t_orang_tua_t_pekerjaan1` FOREIGN KEY (`id_pekerjaan`) REFERENCES `t_pekerjaan` (`id_pekerjaan`) ON UPDATE CASCADE;

--
-- Constraints for table `t_pa_pil_siswa`
--
ALTER TABLE `t_pa_pil_siswa`
  ADD CONSTRAINT `fk_kd_dosen` FOREIGN KEY (`kd_dosen`) REFERENCES `t_dosen` (`kd_dosen`) ON UPDATE CASCADE,
  ADD CONSTRAINT `fk_nim` FOREIGN KEY (`nim`) REFERENCES `t_mahasiswa` (`nim`) ON UPDATE CASCADE,
  ADD CONSTRAINT `fk_periode` FOREIGN KEY (`id_periode`) REFERENCES `t_periode_perkuliahan` (`id_periode_perkuliahan`);

--
-- Constraints for table `t_pendaftaran`
--
ALTER TABLE `t_pendaftaran`
  ADD CONSTRAINT `fk_t_pendaftaran_t_biodata1` FOREIGN KEY (`nik`) REFERENCES `t_biodata` (`nik`) ON UPDATE CASCADE,
  ADD CONSTRAINT `fk_t_pendaftaran_t_gelombang_pendaftaran1` FOREIGN KEY (`id_gelombang_pendaftaran`) REFERENCES `t_gelombang_pendaftaran` (`id_gelombang_pendaftaran`) ON UPDATE CASCADE;

--
-- Constraints for table `t_periode_perkuliahan`
--
ALTER TABLE `t_periode_perkuliahan`
  ADD CONSTRAINT `fk_t_periode_perkuliahan_m_semester1` FOREIGN KEY (`id_semester`) REFERENCES `m_semester` (`id_semester`) ON UPDATE CASCADE,
  ADD CONSTRAINT `fk_t_periode_perkuliahan_t_tahun_ajaran1` FOREIGN KEY (`id_tahun_ajaran`) REFERENCES `t_tahun_ajaran` (`id_tahun_ajaran`) ON UPDATE CASCADE;

--
-- Constraints for table `t_pilihan_prodi`
--
ALTER TABLE `t_pilihan_prodi`
  ADD CONSTRAINT `fk_t_pilihan_prodi_t_pendaftaran1` FOREIGN KEY (`id_pendaftaran`) REFERENCES `t_pendaftaran` (`id_pendaftaran`) ON UPDATE CASCADE,
  ADD CONSTRAINT `fk_t_pilihan_prodi_t_prodi_1` FOREIGN KEY (`id_prodi`) REFERENCES `t_prodi` (`id_prodi`) ON UPDATE CASCADE;

--
-- Constraints for table `t_prodi`
--
ALTER TABLE `t_prodi`
  ADD CONSTRAINT `fk_t_prodi_t_akreditas_prodi1` FOREIGN KEY (`kd_akreditas_prodi`) REFERENCES `t_akreditas_prodi` (`kd_akreditas_prodi`) ON UPDATE CASCADE;

--
-- Constraints for table `t_proposal_pa`
--
ALTER TABLE `t_proposal_pa`
  ADD CONSTRAINT `fk_kd_abstrak` FOREIGN KEY (`id_abstrak`) REFERENCES `t_abstrak` (`id_abstrak`) ON UPDATE CASCADE,
  ADD CONSTRAINT `fk_kd_pil_propsl` FOREIGN KEY (`kd_pil_pa_siswa`) REFERENCES `t_pa_pil_siswa` (`kd_pil_pa_siswa`) ON UPDATE CASCADE;

--
-- Constraints for table `t_rekomendasi_pa`
--
ALTER TABLE `t_rekomendasi_pa`
  ADD CONSTRAINT `fk_kd_dosen_rekomdas` FOREIGN KEY (`kd_dosen_rekomendas`) REFERENCES `t_pa_pil_siswa` (`kd_dosen`) ON UPDATE CASCADE,
  ADD CONSTRAINT `fk_kd_pil_rekomdas` FOREIGN KEY (`kd_pil_pa_siswa`) REFERENCES `t_pa_pil_siswa` (`kd_pil_pa_siswa`) ON UPDATE CASCADE;

--
-- Constraints for table `t_respondensi_kd`
--
ALTER TABLE `t_respondensi_kd`
  ADD CONSTRAINT `fk_t_respondensi_kd_t_bobot_nilai1` FOREIGN KEY (`id_bobot_nilai`) REFERENCES `t_bobot_nilai` (`id_bobot_nilai`) ON UPDATE CASCADE,
  ADD CONSTRAINT `fk_t_respondensi_kd_t_dosen_pengampu1` FOREIGN KEY (`kd_dosen_pengampu`) REFERENCES `t_dosen_pengampu` (`kd_dosen_pengampu`) ON UPDATE CASCADE,
  ADD CONSTRAINT `fk_t_respondensi_kd_t_kuisioner1` FOREIGN KEY (`id_kuisioner`) REFERENCES `t_kuisioner` (`id_kuisioner`) ON UPDATE CASCADE;

--
-- Constraints for table `t_rps`
--
ALTER TABLE `t_rps`
  ADD CONSTRAINT `fk_t_rps_1` FOREIGN KEY (`kd_mata_kuliah`) REFERENCES `t_mata_kuliah` (`kd_mata_kuliah`) ON UPDATE CASCADE,
  ADD CONSTRAINT `fk_t_rps_2` FOREIGN KEY (`id_pertemuan`) REFERENCES `m_pertemuan` (`id_pertemuan`) ON UPDATE CASCADE;

--
-- Constraints for table `t_shift_perkuliahan`
--
ALTER TABLE `t_shift_perkuliahan`
  ADD CONSTRAINT `fk_t_shift_perkuliahan_t_periode_kuliah_1` FOREIGN KEY (`id_periode_perkuliahan`) REFERENCES `t_periode_perkuliahan` (`id_periode_perkuliahan`) ON UPDATE CASCADE;

--
-- Constraints for table `t_sk_kepanitiaan`
--
ALTER TABLE `t_sk_kepanitiaan`
  ADD CONSTRAINT `fk_t_sk_kepanitiaan_t_biodata_karyawan1` FOREIGN KEY (`nik`) REFERENCES `t_biodata_karyawan` (`nik`) ON DELETE NO ACTION ON UPDATE NO ACTION;

--
-- Constraints for table `t_sk_pangkat_akademik`
--
ALTER TABLE `t_sk_pangkat_akademik`
  ADD CONSTRAINT `fk_t_sk_pangkat_akademik_t_dosen1` FOREIGN KEY (`kd_dosen`) REFERENCES `t_dosen` (`kd_dosen`) ON UPDATE CASCADE,
  ADD CONSTRAINT `fk_t_sk_pangkat_akademik_t_pangkat_akademik1` FOREIGN KEY (`id_pangkat_akademik`) REFERENCES `m_pangkat_akademik` (`id_pangkat_akademik`) ON UPDATE CASCADE;

--
-- Constraints for table `t_sk_pengabdian`
--
ALTER TABLE `t_sk_pengabdian`
  ADD CONSTRAINT `fk_t_sk_pengabdian_t_dosen1` FOREIGN KEY (`kd_dosen`) REFERENCES `t_dosen` (`kd_dosen`) ON UPDATE CASCADE;

--
-- Constraints for table `t_sk_yayasan`
--
ALTER TABLE `t_sk_yayasan`
  ADD CONSTRAINT `fk_t_sk_yayasan_t_biodata_karyawan1` FOREIGN KEY (`nik`) REFERENCES `t_biodata_karyawan` (`nik`) ON DELETE NO ACTION ON UPDATE NO ACTION;

--
-- Constraints for table `t_spesial_hak_akses`
--
ALTER TABLE `t_spesial_hak_akses`
  ADD CONSTRAINT `fk_t_spesial_hak_akses` FOREIGN KEY (`kd_user`) REFERENCES `t_user` (`kd_user`),
  ADD CONSTRAINT `fk_t_user` FOREIGN KEY (`kd_user`) REFERENCES `t_user` (`kd_user`);

--
-- Constraints for table `t_upload_bimbingan`
--
ALTER TABLE `t_upload_bimbingan`
  ADD CONSTRAINT `fk_pa_pil` FOREIGN KEY (`kd_pil_pa_siswa`) REFERENCES `t_pa_pil_siswa` (`kd_pil_pa_siswa`) ON UPDATE CASCADE;

--
-- Constraints for table `t_url`
--
ALTER TABLE `t_url`
  ADD CONSTRAINT `fk_t_url_t_head_menu1` FOREIGN KEY (`id_head_menu`) REFERENCES `t_head_menu` (`id_head_menu`) ON UPDATE CASCADE;

/*!40101 SET CHARACTER_SET_CLIENT=@OLD_CHARACTER_SET_CLIENT */;
/*!40101 SET CHARACTER_SET_RESULTS=@OLD_CHARACTER_SET_RESULTS */;
/*!40101 SET COLLATION_CONNECTION=@OLD_COLLATION_CONNECTION */;
